subject,component,sov,cond,amplitude,is_peak
01,N100,wnbeg,Bl0T1,-2.37640347655508,1
01,P2,wnbeg,Bl0T1,1.48632137666323,1
01,N350,wnbeg,Bl0T1,-2.72323971223973,1
01,N100,wnbeg,Bl0T2,-2.56350697303812,1
01,P2,wnbeg,Bl0T2,0.854024625808383,1
01,N350,wnbeg,Bl0T2,-0.62741856998167,1
01,N100,wnbeg,Bl0T3,-2.53804864911614,1
01,P2,wnbeg,Bl0T3,0.656063505916579,1
01,N350,wnbeg,Bl0T3,-1.56297316774222,1
01,N100,wnbeg,Bl0T4,-2.69473356309864,1
01,P2,wnbeg,Bl0T4,0.987855692307154,1
01,N350,wnbeg,Bl0T4,-1.22003006027804,1
01,N100,wnmid1,Bl0T1,-1.24393174525541,1
01,P2,wnmid1,Bl0T1,1.15902872406519,1
01,N350,wnmid1,Bl0T1,-2.49149616425618,1
01,N100,wnmid1,Bl0T2,-1.45879414789379,1
01,P2,wnmid1,Bl0T2,-0.313591051101685,1
01,N350,wnmid1,Bl0T2,-1.52486422236427,1
01,N100,wnmid1,Bl0T3,-3.61492634558278,1
01,P2,wnmid1,Bl0T3,-0.0738372770887686,1
01,N350,wnmid1,Bl0T3,-3.1401282922007,1
01,N100,wnmid1,Bl0T4,-1.66993848149266,1
01,P2,wnmid1,Bl0T4,0.850409379938529,1
01,N350,wnmid1,Bl0T4,-1.48124866050092,1
01,N100,wnmid2,Bl0T1,-0.966182684057798,1
01,P2,wnmid2,Bl0T1,1.07955669149374,1
01,N350,wnmid2,Bl0T1,-2.59416599000971,1
01,N100,wnmid2,Bl0T2,-1.47545065769837,1
01,P2,wnmid2,Bl0T2,0.725952501648239,1
01,N350,wnmid2,Bl0T2,-0.812505391158075,1
01,N100,wnmid2,Bl0T3,-2.50612464033414,1
01,P2,wnmid2,Bl0T3,0.756259587909052,1
01,N350,wnmid2,Bl0T3,-1.43082841438523,1
01,N100,wnmid2,Bl0T4,-1.80993580479266,1
01,P2,wnmid2,Bl0T4,1.01473598011383,1
01,N350,wnmid2,Bl0T4,-1.12617501391143,1
01,N100,wnmid3,Bl0T1,-1.55165850354313,1
01,P2,wnmid3,Bl0T1,0.771903882021221,1
01,N350,wnmid3,Bl0T1,-1.32481861842296,1
01,N100,wnmid3,Bl0T2,-1.30980311419542,1
01,P2,wnmid3,Bl0T2,-0.0897496062081035,1
01,N350,wnmid3,Bl0T2,-1.33826018554136,1
01,N100,wnmid3,Bl0T3,-2.37752264892416,1
01,P2,wnmid3,Bl0T3,0.256519473392871,1
01,N350,wnmid3,Bl0T3,-1.92110608054458,1
01,N100,wnmid3,Bl0T4,-1.59699700258491,1
01,P2,wnmid3,Bl0T4,0.712828872864498,1
01,N350,wnmid3,Bl0T4,-1.2028954052071,1
01,N100,wnend,Bl0T1,-1.44811943620443,1
01,P2,wnend,Bl0T1,0.213470590680235,1
01,N350,wnend,Bl0T1,-2.28706001394483,1
01,N100,wnend,Bl0T2,-1.72406662373211,1
01,P2,wnend,Bl0T2,1.44667256562547,1
01,N350,wnend,Bl0T2,-1.6175404460254,1
01,N100,wnend,Bl0T3,-1.676221709592,1
01,P2,wnend,Bl0T3,0.74918875928436,1
01,N350,wnend,Bl0T3,-1.80513030389945,1
01,N100,wnend,Bl0T4,-2.06704067248655,1
01,P2,wnend,Bl0T4,0.150115001691799,1
01,N350,wnend,Bl0T4,-1.82530472288398,1
01,N100,wmbeg,Bl0T1,-1.12994270111846,1
01,P2,wmbeg,Bl0T1,1.41125522867705,1
01,N350,wmbeg,Bl0T1,-1.01675640912368,1
01,N100,wmbeg,Bl0T2,-1.2643121267257,1
01,P2,wmbeg,Bl0T2,-0.192228112111871,1
01,N350,wmbeg,Bl0T2,-1.38133960495201,1
01,N100,wmbeg,Bl0T3,-1.70422731196763,1
01,P2,wmbeg,Bl0T3,-0.110783685305539,1
01,N350,wmbeg,Bl0T3,-1.55825481038614,1
01,N100,wmbeg,Bl0T4,-0.749057030463226,1
01,P2,wmbeg,Bl0T4,-0.0232860268915401,1
01,N350,wmbeg,Bl0T4,-0.273057957504894,1
01,N100,wmend,Bl0T1,-1.21318093000226,1
01,P2,wmend,Bl0T1,1.30309047456479,1
01,N350,wmend,Bl0T1,-1.49586114721759,1
01,N100,wmend,Bl0T2,-1.17268363167718,1
01,P2,wmend,Bl0T2,0.973089646287262,1
01,N350,wmend,Bl0T2,-1.08805803903937,1
01,N100,wmend,Bl0T3,-1.48410778566055,1
01,P2,wmend,Bl0T3,-0.114670318874474,1
01,N350,wmend,Bl0T3,-1.74133531499122,1
01,N100,wmend,Bl0T4,-0.730839720602129,1
01,P2,wmend,Bl0T4,0.721353730931878,1
01,N350,wmend,Bl0T4,-0.670695906336985,1
02,N100,wnbeg,Bl0T1,-2.54060565775684,1
02,P2,wnbeg,Bl0T1,1.03757818696851,1
02,N350,wnbeg,Bl0T1,-5.28404684222557,1
02,N100,wnbeg,Bl0T2,-2.36622649922322,0
02,P2,wnbeg,Bl0T2,-1.63201165733716,1
02,N350,wnbeg,Bl0T2,-3.43354247100651,1
02,N100,wnbeg,Bl0T3,-2.5510753185049,1
02,P2,wnbeg,Bl0T3,0.213329466832977,1
02,N350,wnbeg,Bl0T3,-2.07251094341419,1
02,N100,wnbeg,Bl0T4,-2.12167907719519,1
02,P2,wnbeg,Bl0T4,0.24644005707666,1
02,N350,wnbeg,Bl0T4,-1.6747587204783,1
02,N100,wnmid1,Bl0T1,-3.47749508686618,1
02,P2,wnmid1,Bl0T1,-0.344941161112352,1
02,N350,wnmid1,Bl0T1,-4.40150301394137,1
02,N100,wnmid1,Bl0T2,-1.92971900594684,1
02,P2,wnmid1,Bl0T2,-0.779204847825305,1
02,N350,wnmid1,Bl0T2,-1.99264566397892,1
02,N100,wnmid1,Bl0T3,-2.41276236980878,1
02,P2,wnmid1,Bl0T3,-1.51358644492165,1
02,N350,wnmid1,Bl0T3,-3.3632387974058,1
02,N100,wnmid1,Bl0T4,-0.461380780867811,1
02,P2,wnmid1,Bl0T4,-0.601511496166646,1
02,N350,wnmid1,Bl0T4,-0.666810433348676,1
02,N100,wnmid2,Bl0T1,-3.89776692923957,1
02,P2,wnmid2,Bl0T1,-0.663281234247344,1
02,N350,wnmid2,Bl0T1,-5.80552529119221,1
02,N100,wnmid2,Bl0T2,-2.06448477147413,1
02,P2,wnmid2,Bl0T2,-0.527313031761774,1
02,N350,wnmid2,Bl0T2,-0.762591582832725,1
02,N100,wnmid2,Bl0T3,-1.6826750922549,0
02,P2,wnmid2,Bl0T3,0.155164330113413,1
02,N350,wnmid2,Bl0T3,-2.21205484948919,1
02,N100,wnmid2,Bl0T4,-1.27053342534195,1
02,P2,wnmid2,Bl0T4,-0.421342488923283,1
02,N350,wnmid2,Bl0T4,-1.97631892552254,1
02,N100,wnmid3,Bl0T1,-1.1994529895684,1
02,P2,wnmid3,Bl0T1,-0.312614172903289,1
02,N350,wnmid3,Bl0T1,-3.68863880559802,1
02,N100,wnmid3,Bl0T2,-1.64762692322589,1
02,P2,wnmid3,Bl0T2,0.645506997179005,0
02,N350,wnmid3,Bl0T2,-1.74958888823333,1
02,N100,wnmid3,Bl0T3,-2.08890018861608,1
02,P2,wnmid3,Bl0T3,-0.748478536204701,1
02,N350,wnmid3,Bl0T3,-2.53266097910569,1
02,N100,wnmid3,Bl0T4,-0.62927104172829,1
02,P2,wnmid3,Bl0T4,0.0501791187362479,1
02,N350,wnmid3,Bl0T4,-0.460075436479279,1
02,N100,wnend,Bl0T1,-1.96673043875532,1
02,P2,wnend,Bl0T1,-0.362475528093902,1
02,N350,wnend,Bl0T1,-2.51648653209209,1
02,N100,wnend,Bl0T2,-1.40570929096504,1
02,P2,wnend,Bl0T2,-1.09484117264775,1
02,N350,wnend,Bl0T2,-1.15874431886456,1
02,N100,wnend,Bl0T3,-2.4219761016313,1
02,P2,wnend,Bl0T3,-0.630336166738666,1
02,N350,wnend,Bl0T3,-2.2879362563137,1
02,N100,wnend,Bl0T4,-1.16915145436568,1
02,P2,wnend,Bl0T4,0.754660889805694,0
02,N350,wnend,Bl0T4,-0.783335675545303,1
02,N100,wmbeg,Bl0T1,-1.13931154755589,1
02,P2,wmbeg,Bl0T1,-1.42777540697,1
02,N350,wmbeg,Bl0T1,-3.29134188223487,1
02,N100,wmbeg,Bl0T2,-1.22268289872536,1
02,P2,wmbeg,Bl0T2,0.117432966039461,1
02,N350,wmbeg,Bl0T2,-0.820090226493045,1
02,N100,wmbeg,Bl0T3,0.135918322843141,1
02,P2,wmbeg,Bl0T3,0.841038582800516,0
02,N350,wmbeg,Bl0T3,-0.845417868718505,1
02,N100,wmbeg,Bl0T4,-0.995477140093079,1
02,P2,wmbeg,Bl0T4,-0.369785305476622,1
02,N350,wmbeg,Bl0T4,-1.28166317490574,1
02,N100,wmend,Bl0T1,-1.240172981143,1
02,P2,wmend,Bl0T1,-0.37011098112911,1
02,N350,wmend,Bl0T1,-1.57077753845602,1
02,N100,wmend,Bl0T2,-0.648013922611538,1
02,P2,wmend,Bl0T2,0.663830716102026,1
02,N350,wmend,Bl0T2,-0.198547814700466,1
02,N100,wmend,Bl0T3,-1.0773439273668,1
02,P2,wmend,Bl0T3,-0.232955805441508,1
02,N350,wmend,Bl0T3,-1.14870351425802,1
02,N100,wmend,Bl0T4,-0.0745863111817516,1
02,P2,wmend,Bl0T4,0.735754231491364,1
02,N350,wmend,Bl0T4,-0.480445443590482,1
03,N100,wnbeg,Bl0T1,-2.04521796856649,1
03,P2,wnbeg,Bl0T1,1.27632417821979,1
03,N350,wnbeg,Bl0T1,-1.68606065616298,1
03,N100,wnbeg,Bl0T2,-2.22409820588341,0
03,P2,wnbeg,Bl0T2,1.13263031090968,1
03,N350,wnbeg,Bl0T2,-1.02541280058929,1
03,N100,wnbeg,Bl0T3,-3.09076476753331,1
03,P2,wnbeg,Bl0T3,0.275480027548642,1
03,N350,wnbeg,Bl0T3,-1.49119516679874,1
03,N100,wnbeg,Bl0T4,-3.91534124751432,1
03,P2,wnbeg,Bl0T4,-1.03015522453934,1
03,N350,wnbeg,Bl0T4,-1.43226325652347,1
03,N100,wnmid1,Bl0T1,-3.56960193007868,1
03,P2,wnmid1,Bl0T1,1.04017460986199,1
03,N350,wnmid1,Bl0T1,-1.19394862407001,1
03,N100,wnmid1,Bl0T2,-2.71838908170543,0
03,P2,wnmid1,Bl0T2,1.46501726762585,1
03,N350,wnmid1,Bl0T2,0.446333006017771,1
03,N100,wnmid1,Bl0T3,-3.88110651393544,1
03,P2,wnmid1,Bl0T3,-1.0064733443114,1
03,N350,wnmid1,Bl0T3,-2.60932271924081,1
03,N100,wnmid1,Bl0T4,-3.94481533360931,1
03,P2,wnmid1,Bl0T4,-0.411824837362148,1
03,N350,wnmid1,Bl0T4,-1.9353117626424,1
03,N100,wnmid2,Bl0T1,-3.58265844082354,1
03,P2,wnmid2,Bl0T1,0.966900499822256,1
03,N350,wnmid2,Bl0T1,-2.01700879270738,1
03,N100,wnmid2,Bl0T2,-3.95275197284964,1
03,P2,wnmid2,Bl0T2,-0.0557082533274057,1
03,N350,wnmid2,Bl0T2,-1.94981704666367,1
03,N100,wnmid2,Bl0T3,-3.54864699089865,1
03,P2,wnmid2,Bl0T3,-0.878498955415386,1
03,N350,wnmid2,Bl0T3,-1.62245081393224,1
03,N100,wnmid2,Bl0T4,-2.37340318849837,1
03,P2,wnmid2,Bl0T4,0.117785063077133,1
03,N350,wnmid2,Bl0T4,-1.28740228379743,1
03,N100,wnmid3,Bl0T1,-3.28107864356266,1
03,P2,wnmid3,Bl0T1,2.0235177204048,1
03,N350,wnmid3,Bl0T1,-2.82096178032598,1
03,N100,wnmid3,Bl0T2,-2.61739424804472,1
03,P2,wnmid3,Bl0T2,-0.286198024934527,1
03,N350,wnmid3,Bl0T2,-0.707357724699772,1
03,N100,wnmid3,Bl0T3,-3.16776530022891,1
03,P2,wnmid3,Bl0T3,-0.50572516731215,1
03,N350,wnmid3,Bl0T3,-2.89320163484311,1
03,N100,wnmid3,Bl0T4,-1.85109166191399,1
03,P2,wnmid3,Bl0T4,0.840782384549812,1
03,N350,wnmid3,Bl0T4,-0.190227547421489,1
03,N100,wnend,Bl0T1,-2.06589088614257,1
03,P2,wnend,Bl0T1,1.5856871279554,1
03,N350,wnend,Bl0T1,-2.12763811709746,1
03,N100,wnend,Bl0T2,-2.79329895655502,1
03,P2,wnend,Bl0T2,-0.533572069639867,0
03,N350,wnend,Bl0T2,-1.03091602609405,1
03,N100,wnend,Bl0T3,0.395276383268383,1
03,P2,wnend,Bl0T3,-0.637861350837673,1
03,N350,wnend,Bl0T3,-1.19243005370756,1
03,N100,wnend,Bl0T4,-2.72746669468382,1
03,P2,wnend,Bl0T4,-0.39993985929298,1
03,N350,wnend,Bl0T4,-0.253635533786607,1
03,N100,wmbeg,Bl0T1,-3.41667326544868,1
03,P2,wmbeg,Bl0T1,1.184054174833,1
03,N350,wmbeg,Bl0T1,-2.26779962521704,1
03,N100,wmbeg,Bl0T2,-3.38499622643218,0
03,P2,wmbeg,Bl0T2,-1.26925565508696,1
03,N350,wmbeg,Bl0T2,-2.75322933857544,1
03,N100,wmbeg,Bl0T3,-2.2279575984816,1
03,P2,wmbeg,Bl0T3,-0.11064497356912,1
03,N350,wmbeg,Bl0T3,-1.83922008295687,1
03,N100,wmbeg,Bl0T4,-0.471330263719966,1
03,P2,wmbeg,Bl0T4,0.23753465269334,1
03,N350,wmbeg,Bl0T4,-0.188895389853189,1
03,N100,wmend,Bl0T1,-1.92257672218749,1
03,P2,wmend,Bl0T1,0.0674688055824775,1
03,N350,wmend,Bl0T1,-2.64957710695095,1
03,N100,wmend,Bl0T2,-2.64793031410367,1
03,P2,wmend,Bl0T2,-0.209688560615452,1
03,N350,wmend,Bl0T2,-0.60964720527167,1
03,N100,wmend,Bl0T3,1.39453508657368,1
03,P2,wmend,Bl0T3,0.657942505982125,1
03,N350,wmend,Bl0T3,-0.446068784763228,1
03,N100,wmend,Bl0T4,-3.77046896994711,1
03,P2,wmend,Bl0T4,-0.962012756071141,1
03,N350,wmend,Bl0T4,-1.34990411591277,1
04,N100,wnbeg,Bl0T1,-3.14859822217662,1
04,P2,wnbeg,Bl0T1,1.07326174210757,1
04,N350,wnbeg,Bl0T1,-6.05918168391889,1
04,N100,wnbeg,Bl0T2,-2.4288271052333,1
04,P2,wnbeg,Bl0T2,-1.07651229531665,1
04,N350,wnbeg,Bl0T2,-1.79725032745359,1
04,N100,wnbeg,Bl0T3,-1.09133347713818,1
04,P2,wnbeg,Bl0T3,0.0447399776858779,1
04,N350,wnbeg,Bl0T3,-1.06537892370924,1
04,N100,wnbeg,Bl0T4,-2.92836448060205,1
04,P2,wnbeg,Bl0T4,-1.5133269102241,1
04,N350,wnbeg,Bl0T4,-3.29918965111988,1
04,N100,wnmid1,Bl0T1,-3.66602266498046,1
04,P2,wnmid1,Bl0T1,0.107944570973797,1
04,N350,wnmid1,Bl0T1,-6.20757050362222,1
04,N100,wnmid1,Bl0T2,-2.26238454026434,1
04,P2,wnmid1,Bl0T2,-1.39034883157825,1
04,N350,wnmid1,Bl0T2,-3.21552007291115,1
04,N100,wnmid1,Bl0T3,-3.48418413664935,1
04,P2,wnmid1,Bl0T3,-2.21840313866313,1
04,N350,wnmid1,Bl0T3,-4.14779509383008,1
04,N100,wnmid1,Bl0T4,-2.24632762032297,1
04,P2,wnmid1,Bl0T4,0.473614002047282,1
04,N350,wnmid1,Bl0T4,-1.0202451311825,1
04,N100,wnmid2,Bl0T1,-3.97608975971926,1
04,P2,wnmid2,Bl0T1,0.522046042458629,1
04,N350,wnmid2,Bl0T1,-5.07561515718347,1
04,N100,wnmid2,Bl0T2,-2.54690308154754,1
04,P2,wnmid2,Bl0T2,0.0196302992590475,1
04,N350,wnmid2,Bl0T2,-1.59379006885695,1
04,N100,wnmid2,Bl0T3,-1.25834743539399,1
04,P2,wnmid2,Bl0T3,1.37348265311909,1
04,N350,wnmid2,Bl0T3,-1.18166530416435,1
04,N100,wnmid2,Bl0T4,-0.380270587990306,1
04,P2,wnmid2,Bl0T4,1.02067784696185,1
04,N350,wnmid2,Bl0T4,-1.44405655612958,1
04,N100,wnmid3,Bl0T1,-3.13847960427685,1
04,P2,wnmid3,Bl0T1,2.17513241230703,1
04,N350,wnmid3,Bl0T1,-3.40405855682802,1
04,N100,wnmid3,Bl0T2,0.0103622812145161,1
04,P2,wnmid3,Bl0T2,1.95406666312296,1
04,N350,wnmid3,Bl0T2,0.857095372473013,1
04,N100,wnmid3,Bl0T3,-1.36243318937157,1
04,P2,wnmid3,Bl0T3,1.62296771533647,1
04,N350,wnmid3,Bl0T3,-0.625827033222073,1
04,N100,wnmid3,Bl0T4,0.687656750037985,1
04,P2,wnmid3,Bl0T4,2.4853381309342,1
04,N350,wnmid3,Bl0T4,0.269654558683341,1
04,N100,wnend,Bl0T1,-2.93779829321605,1
04,P2,wnend,Bl0T1,0.430474083765217,1
04,N350,wnend,Bl0T1,-4.47669039564383,1
04,N100,wnend,Bl0T2,-0.528055845622746,1
04,P2,wnend,Bl0T2,-0.258604540450955,1
04,N350,wnend,Bl0T2,-0.746903177308586,1
04,N100,wnend,Bl0T3,0.765640658809241,1
04,P2,wnend,Bl0T3,0.484932770762803,1
04,N350,wnend,Bl0T3,-0.532922289527531,1
04,N100,wnend,Bl0T4,-0.912947941244633,1
04,P2,wnend,Bl0T4,0.135628433662625,1
04,N350,wnend,Bl0T4,-1.17977998600394,1
04,N100,wmbeg,Bl0T1,-0.366404350173588,1
04,P2,wmbeg,Bl0T1,0.948015859551155,1
04,N350,wmbeg,Bl0T1,-3.40080430430289,1
04,N100,wmbeg,Bl0T2,-0.686242159885856,1
04,P2,wmbeg,Bl0T2,0.501496560885929,1
04,N350,wmbeg,Bl0T2,-1.3424524423917,1
04,N100,wmbeg,Bl0T3,-2.03811824029455,1
04,P2,wmbeg,Bl0T3,0.225313497676801,1
04,N350,wmbeg,Bl0T3,-1.99139732842047,1
04,N100,wmbeg,Bl0T4,-0.354361609713389,1
04,P2,wmbeg,Bl0T4,0.820905207742292,1
04,N350,wmbeg,Bl0T4,-0.404950723266945,1
04,N100,wmend,Bl0T1,-1.3016388402092,1
04,P2,wmend,Bl0T1,0.872937401327884,1
04,N350,wmend,Bl0T1,-2.31435087705558,1
04,N100,wmend,Bl0T2,-1.51046077456536,1
04,P2,wmend,Bl0T2,0.211293472400603,1
04,N350,wmend,Bl0T2,-1.80619501120077,1
04,N100,wmend,Bl0T3,-0.765886129888724,1
04,P2,wmend,Bl0T3,0.515107969521492,1
04,N350,wmend,Bl0T3,-0.728847245492463,1
04,N100,wmend,Bl0T4,-0.725902309523509,1
04,P2,wmend,Bl0T4,0.762728310263944,1
04,N350,wmend,Bl0T4,-0.674418962332156,1
08,N100,wnbeg,Bl0T1,-2.68323095987529,1
08,P2,wnbeg,Bl0T1,3.87092025039154,1
08,N350,wnbeg,Bl0T1,-2.68465714690297,1
08,N100,wnbeg,Bl0T2,-2.94610952708849,1
08,P2,wnbeg,Bl0T2,0.471218013897711,1
08,N350,wnbeg,Bl0T2,-4.13684955797223,1
08,N100,wnbeg,Bl0T3,-3.65122586693615,1
08,P2,wnbeg,Bl0T3,0.945263329425524,1
08,N350,wnbeg,Bl0T3,-2.49769215608655,1
08,N100,wnbeg,Bl0T4,-1.35841768967897,1
08,P2,wnbeg,Bl0T4,2.51431132095844,1
08,N350,wnbeg,Bl0T4,-1.53241221797328,1
08,N100,wnmid1,Bl0T1,-1.35328381576321,1
08,P2,wnmid1,Bl0T1,5.02396773353896,1
08,N350,wnmid1,Bl0T1,-1.94736000135202,1
08,N100,wnmid1,Bl0T2,-0.98514903777025,1
08,P2,wnmid1,Bl0T2,1.75997120521285,1
08,N350,wnmid1,Bl0T2,-1.90134026505561,1
08,N100,wnmid1,Bl0T3,-1.07425699589605,1
08,P2,wnmid1,Bl0T3,2.18042553590441,1
08,N350,wnmid1,Bl0T3,-0.968718738417903,1
08,N100,wnmid1,Bl0T4,-0.0664276838475882,1
08,P2,wnmid1,Bl0T4,0.899249428510666,1
08,N350,wnmid1,Bl0T4,-0.729136181137589,1
08,N100,wnmid2,Bl0T1,-0.672829031504013,1
08,P2,wnmid2,Bl0T1,2.96059582880275,1
08,N350,wnmid2,Bl0T1,-2.80488573387265,1
08,N100,wnmid2,Bl0T2,-2.06706565801393,1
08,P2,wnmid2,Bl0T2,0.998396567475389,1
08,N350,wnmid2,Bl0T2,-2.24620970575647,1
08,N100,wnmid2,Bl0T3,-0.106814427555285,1
08,P2,wnmid2,Bl0T3,1.68178682853044,1
08,N350,wnmid2,Bl0T3,-1.49838476038792,1
08,N100,wnmid2,Bl0T4,-0.444506090134382,1
08,P2,wnmid2,Bl0T4,0.680923435870897,1
08,N350,wnmid2,Bl0T4,-2.30569937080145,1
08,N100,wnmid3,Bl0T1,-0.707771082874388,1
08,P2,wnmid3,Bl0T1,3.77530544112881,1
08,N350,wnmid3,Bl0T1,-0.715862148221243,1
08,N100,wnmid3,Bl0T2,-1.23317093945701,1
08,P2,wnmid3,Bl0T2,2.71978068697182,1
08,N350,wnmid3,Bl0T2,-1.60649220584045,1
08,N100,wnmid3,Bl0T3,-0.253866141120141,1
08,P2,wnmid3,Bl0T3,2.61393252929503,1
08,N350,wnmid3,Bl0T3,-0.591035608066754,1
08,N100,wnmid3,Bl0T4,-0.526789459721609,1
08,P2,wnmid3,Bl0T4,3.75758440484377,1
08,N350,wnmid3,Bl0T4,-2.4801930620208,1
08,N100,wnend,Bl0T1,-2.64514633501795,1
08,P2,wnend,Bl0T1,0.851243429834192,1
08,N350,wnend,Bl0T1,-4.81589486805553,1
08,N100,wnend,Bl0T2,0.535755319027013,1
08,P2,wnend,Bl0T2,3.30996285312224,1
08,N350,wnend,Bl0T2,-0.322127367898302,1
08,N100,wnend,Bl0T3,-2.00067868668755,1
08,P2,wnend,Bl0T3,2.11423905823718,1
08,N350,wnend,Bl0T3,-3.55690856779164,1
08,N100,wnend,Bl0T4,-2.2923047687181,1
08,P2,wnend,Bl0T4,3.19126128407026,1
08,N350,wnend,Bl0T4,-0.968485276722773,1
08,N100,wmbeg,Bl0T1,-1.8948147601513,1
08,P2,wmbeg,Bl0T1,2.3969183286522,1
08,N350,wmbeg,Bl0T1,-2.51004058127075,1
08,N100,wmbeg,Bl0T2,-1.01278640497909,1
08,P2,wmbeg,Bl0T2,-0.542256592664608,1
08,N350,wmbeg,Bl0T2,-3.39727950012528,1
08,N100,wmbeg,Bl0T3,-0.716704029919103,1
08,P2,wmbeg,Bl0T3,2.43462611978094,1
08,N350,wmbeg,Bl0T3,0.149851555897053,1
08,N100,wmbeg,Bl0T4,-1.20616856905264,1
08,P2,wmbeg,Bl0T4,0.00136240020740863,1
08,N350,wmbeg,Bl0T4,-2.32037201687953,1
08,N100,wmend,Bl0T1,-0.854861252687194,1
08,P2,wmend,Bl0T1,4.17844120709395,1
08,N350,wmend,Bl0T1,-0.692006529698318,1
08,N100,wmend,Bl0T2,-1.72817372913388,1
08,P2,wmend,Bl0T2,-0.399958436326547,1
08,N350,wmend,Bl0T2,-3.42521225495095,1
08,N100,wmend,Bl0T3,-2.4553402166422,1
08,P2,wmend,Bl0T3,0.449879293639044,1
08,N350,wmend,Bl0T3,-1.24087426788809,1
08,N100,wmend,Bl0T4,-1.96675756634636,1
08,P2,wmend,Bl0T4,0.153516924330457,1
08,N350,wmend,Bl0T4,-1.82546588814055,1
09,N100,wnbeg,Bl0T1,-5.189332643918,1
09,P2,wnbeg,Bl0T1,3.62984543749413,1
09,N350,wnbeg,Bl0T1,-4.38358819191452,1
09,N100,wnbeg,Bl0T2,-1.79698840816354,1
09,P2,wnbeg,Bl0T2,0.0123634094773077,1
09,N350,wnbeg,Bl0T2,-3.04932889484389,1
09,N100,wnbeg,Bl0T3,-1.58684390451499,1
09,P2,wnbeg,Bl0T3,0.359430071174405,0
09,N350,wnbeg,Bl0T3,-1.48972566694368,1
09,N100,wnbeg,Bl0T4,-2.22082853639542,1
09,P2,wnbeg,Bl0T4,-2.28217816295665,1
09,N350,wnbeg,Bl0T4,-3.44599488872255,1
09,N100,wnmid1,Bl0T1,-3.10194011933424,1
09,P2,wnmid1,Bl0T1,0.696225364048918,1
09,N350,wnmid1,Bl0T1,-4.81622365713119,1
09,N100,wnmid1,Bl0T2,-2.1775563209233,1
09,P2,wnmid1,Bl0T2,-0.969538981314558,1
09,N350,wnmid1,Bl0T2,-1.07026690173556,1
09,N100,wnmid1,Bl0T3,-2.92302534572188,1
09,P2,wnmid1,Bl0T3,-0.791083886973899,1
09,N350,wnmid1,Bl0T3,-1.96039832593365,1
09,N100,wnmid1,Bl0T4,-4.04429391524331,1
09,P2,wnmid1,Bl0T4,-0.14337811304087,0
09,N350,wnmid1,Bl0T4,-3.94155713055621,1
09,N100,wnmid2,Bl0T1,-6.80075479312377,1
09,P2,wnmid2,Bl0T1,-0.831435181166638,1
09,N350,wnmid2,Bl0T1,-4.21380327509886,1
09,N100,wnmid2,Bl0T2,-3.63751911344007,0
09,P2,wnmid2,Bl0T2,-0.32749035126445,1
09,N350,wnmid2,Bl0T2,-2.28274750289592,1
09,N100,wnmid2,Bl0T3,-4.90582732050256,1
09,P2,wnmid2,Bl0T3,0.774419977177273,0
09,N350,wnmid2,Bl0T3,-2.56832957721569,1
09,N100,wnmid2,Bl0T4,-3.7625596574296,1
09,P2,wnmid2,Bl0T4,0.157565215551718,0
09,N350,wnmid2,Bl0T4,-3.23452328203923,1
09,N100,wnmid3,Bl0T1,-5.74255695725706,1
09,P2,wnmid3,Bl0T1,-1.49190115755297,1
09,N350,wnmid3,Bl0T1,-6.00460332041098,1
09,N100,wnmid3,Bl0T2,-5.01530676429922,1
09,P2,wnmid3,Bl0T2,-4.40661010460251,1
09,N350,wnmid3,Bl0T2,-3.98912986273962,1
09,N100,wnmid3,Bl0T3,-3.05100498008867,1
09,P2,wnmid3,Bl0T3,0.557529760702232,0
09,N350,wnmid3,Bl0T3,-2.08191041758414,1
09,N100,wnmid3,Bl0T4,-3.22719222347845,1
09,P2,wnmid3,Bl0T4,-0.898662155934356,1
09,N350,wnmid3,Bl0T4,-2.83906224067746,1
09,N100,wnend,Bl0T1,-5.01092520274899,1
09,P2,wnend,Bl0T1,0.103618873655796,1
09,N350,wnend,Bl0T1,-6.03687918938866,1
09,N100,wnend,Bl0T2,-5.13506418511441,1
09,P2,wnend,Bl0T2,-0.815986311164769,1
09,N350,wnend,Bl0T2,-2.51775672110644,1
09,N100,wnend,Bl0T3,-0.485172721201723,1
09,P2,wnend,Bl0T3,-0.535933946445584,1
09,N350,wnend,Bl0T3,-0.671383999609812,1
09,N100,wnend,Bl0T4,-2.60910381249745,1
09,P2,wnend,Bl0T4,0.610486983728002,1
09,N350,wnend,Bl0T4,-2.09999661100182,1
09,N100,wmbeg,Bl0T1,-5.50214062977669,1
09,P2,wmbeg,Bl0T1,0.792036066083021,1
09,N350,wmbeg,Bl0T1,-4.40123000096443,1
09,N100,wmbeg,Bl0T2,-1.87904508605946,1
09,P2,wmbeg,Bl0T2,0.630925305347976,1
09,N350,wmbeg,Bl0T2,-1.6569988159073,1
09,N100,wmbeg,Bl0T3,-4.18051989726116,1
09,P2,wmbeg,Bl0T3,-0.697899683339651,1
09,N350,wmbeg,Bl0T3,-2.1981472828014,1
09,N100,wmbeg,Bl0T4,-2.31483893042734,1
09,P2,wmbeg,Bl0T4,-0.0671301538557854,1
09,N350,wmbeg,Bl0T4,-3.51736563139184,1
09,N100,wmend,Bl0T1,-4.80382859825411,1
09,P2,wmend,Bl0T1,0.33717856627508,1
09,N350,wmend,Bl0T1,-4.19174359054728,1
09,N100,wmend,Bl0T2,-2.20546465154824,1
09,P2,wmend,Bl0T2,0.130604399913965,1
09,N350,wmend,Bl0T2,-0.943811140971821,1
09,N100,wmend,Bl0T3,-1.81234570274693,1
09,P2,wmend,Bl0T3,-1.14252886125861,1
09,N350,wmend,Bl0T3,-2.1457786361492,1
09,N100,wmend,Bl0T4,-2.53524531580677,1
09,P2,wmend,Bl0T4,1.99786971597509,1
09,N350,wmend,Bl0T4,-1.81249740159308,1
10,N100,wnbeg,Bl0T1,-3.98159260032482,1
10,P2,wnbeg,Bl0T1,2.42277525330699,1
10,N350,wnbeg,Bl0T1,-5.70126943858557,1
10,N100,wnbeg,Bl0T2,-2.69085566240341,1
10,P2,wnbeg,Bl0T2,-0.428332388236426,1
10,N350,wnbeg,Bl0T2,-1.06423109903239,1
10,N100,wnbeg,Bl0T3,-4.64739520426753,1
10,P2,wnbeg,Bl0T3,-2.00187642517998,1
10,N350,wnbeg,Bl0T3,-2.84562853515841,1
10,N100,wnbeg,Bl0T4,-4.64600175658111,1
10,P2,wnbeg,Bl0T4,-3.38935484550893,1
10,N350,wnbeg,Bl0T4,-5.12457970879799,1
10,N100,wnmid1,Bl0T1,-5.28445010341027,1
10,P2,wnmid1,Bl0T1,3.74278928385201,1
10,N350,wnmid1,Bl0T1,-4.76371050535183,1
10,N100,wnmid1,Bl0T2,-3.67577669441023,1
10,P2,wnmid1,Bl0T2,-0.580404095165431,1
10,N350,wnmid1,Bl0T2,-2.57884074828841,1
10,N100,wnmid1,Bl0T3,-4.73808150582693,1
10,P2,wnmid1,Bl0T3,-2.12312631630762,1
10,N350,wnmid1,Bl0T3,-3.2322184372524,1
10,N100,wnmid1,Bl0T4,-0.438548229499297,1
10,P2,wnmid1,Bl0T4,0.0419338106897406,1
10,N350,wnmid1,Bl0T4,-0.828898286866024,1
10,N100,wnmid2,Bl0T1,-4.75587206276303,1
10,P2,wnmid2,Bl0T1,2.04908509549092,1
10,N350,wnmid2,Bl0T1,-4.04394511414523,1
10,N100,wnmid2,Bl0T2,-3.47180698770522,1
10,P2,wnmid2,Bl0T2,-0.545850092341954,1
10,N350,wnmid2,Bl0T2,-1.60265974856236,1
10,N100,wnmid2,Bl0T3,-4.83296995862726,1
10,P2,wnmid2,Bl0T3,-1.19356812983751,1
10,N350,wnmid2,Bl0T3,-2.36272695086558,1
10,N100,wnmid2,Bl0T4,-3.33449306454171,1
10,P2,wnmid2,Bl0T4,-2.06215757178989,1
10,N350,wnmid2,Bl0T4,-3.01009990947575,1
10,N100,wnmid3,Bl0T1,-5.71290218240412,1
10,P2,wnmid3,Bl0T1,3.03227772932838,1
10,N350,wnmid3,Bl0T1,-4.36618042528121,1
10,N100,wnmid3,Bl0T2,-3.27009676709263,1
10,P2,wnmid3,Bl0T2,-0.492472501734102,1
10,N350,wnmid3,Bl0T2,-1.91775249432434,1
10,N100,wnmid3,Bl0T3,-4.07523158009757,1
10,P2,wnmid3,Bl0T3,-1.21727488279681,1
10,N350,wnmid3,Bl0T3,-2.48717825050381,1
10,N100,wnmid3,Bl0T4,-2.85166077454659,1
10,P2,wnmid3,Bl0T4,0.407030584680086,1
10,N350,wnmid3,Bl0T4,-1.00882681278004,1
10,N100,wnend,Bl0T1,-6.07499710529704,1
10,P2,wnend,Bl0T1,2.36203683106737,1
10,N350,wnend,Bl0T1,-3.95957979461686,1
10,N100,wnend,Bl0T2,-4.15242342860861,1
10,P2,wnend,Bl0T2,-0.258232607387684,1
10,N350,wnend,Bl0T2,-2.15329590175639,1
10,N100,wnend,Bl0T3,-3.04468267261982,1
10,P2,wnend,Bl0T3,-0.864279777844521,1
10,N350,wnend,Bl0T3,-3.2550559240986,1
10,N100,wnend,Bl0T4,-2.88061922761527,1
10,P2,wnend,Bl0T4,-0.842593808980151,1
10,N350,wnend,Bl0T4,-3.04844591245055,1
10,N100,wmbeg,Bl0T1,-3.00510300089454,1
10,P2,wmbeg,Bl0T1,3.28569374375565,1
10,N350,wmbeg,Bl0T1,-3.52556505972563,1
10,N100,wmbeg,Bl0T2,-1.23042446042216,1
10,P2,wmbeg,Bl0T2,1.8308485579352,1
10,N350,wmbeg,Bl0T2,-0.520879284806853,1
10,N100,wmbeg,Bl0T3,-2.37179260281238,1
10,P2,wmbeg,Bl0T3,-0.874576988192492,1
10,N350,wmbeg,Bl0T3,-1.50133876443602,1
10,N100,wmbeg,Bl0T4,-3.42186211043925,1
10,P2,wmbeg,Bl0T4,-0.978860378854497,1
10,N350,wmbeg,Bl0T4,-1.24218542358816,1
10,N100,wmend,Bl0T1,-5.35153823142702,1
10,P2,wmend,Bl0T1,1.98641285107217,1
10,N350,wmend,Bl0T1,-2.71802105575123,1
10,N100,wmend,Bl0T2,-3.93856253739108,1
10,P2,wmend,Bl0T2,0.13444399616935,1
10,N350,wmend,Bl0T2,-2.52563743074266,1
10,N100,wmend,Bl0T3,-3.90662495200197,1
10,P2,wmend,Bl0T3,-1.21444769095803,1
10,N350,wmend,Bl0T3,-1.59215434394604,1
10,N100,wmend,Bl0T4,-2.27973598854786,1
10,P2,wmend,Bl0T4,0.489273252067241,1
10,N350,wmend,Bl0T4,-0.269361920299178,1
11,N100,wnbeg,Bl0T1,-3.41306381559088,1
11,P2,wnbeg,Bl0T1,3.13126009507548,1
11,N350,wnbeg,Bl0T1,-3.85319437522973,1
11,N100,wnbeg,Bl0T2,-5.36266251064317,1
11,P2,wnbeg,Bl0T2,-0.981856999494309,1
11,N350,wnbeg,Bl0T2,-3.52613507216406,1
11,N100,wnbeg,Bl0T3,-2.35967310296242,1
11,P2,wnbeg,Bl0T3,0.103892020326714,1
11,N350,wnbeg,Bl0T3,-3.54941763864007,1
11,N100,wnbeg,Bl0T4,-2.88429650346317,1
11,P2,wnbeg,Bl0T4,2.55523915300827,1
11,N350,wnbeg,Bl0T4,-3.53394389252474,1
11,N100,wnmid1,Bl0T1,-3.60532901683314,1
11,P2,wnmid1,Bl0T1,3.87841102426702,1
11,N350,wnmid1,Bl0T1,-5.8615992163308,1
11,N100,wnmid1,Bl0T2,-1.79722934379134,1
11,P2,wnmid1,Bl0T2,0.931098443529634,1
11,N350,wnmid1,Bl0T2,-2.95277632294699,1
11,N100,wnmid1,Bl0T3,-3.77886492482387,1
11,P2,wnmid1,Bl0T3,2.93468442090787,1
11,N350,wnmid1,Bl0T3,-2.85517179921269,1
11,N100,wnmid1,Bl0T4,1.05831434864823,1
11,P2,wnmid1,Bl0T4,4.06075017268701,1
11,N350,wnmid1,Bl0T4,0.569028734052327,1
11,N100,wnmid2,Bl0T1,-2.97698527018471,1
11,P2,wnmid2,Bl0T1,0.659042068561766,1
11,N350,wnmid2,Bl0T1,-5.18013183579031,1
11,N100,wnmid2,Bl0T2,-0.434617528192154,1
11,P2,wnmid2,Bl0T2,2.23949102012486,1
11,N350,wnmid2,Bl0T2,-2.10728824858258,1
11,N100,wnmid2,Bl0T3,-2.95539306286722,1
11,P2,wnmid2,Bl0T3,-0.25870431303978,1
11,N350,wnmid2,Bl0T3,-5.3570448047854,1
11,N100,wnmid2,Bl0T4,-5.30263242131871,1
11,P2,wnmid2,Bl0T4,1.79604013017038,1
11,N350,wnmid2,Bl0T4,-3.46379739848624,1
11,N100,wnmid3,Bl0T1,-3.61771672987167,1
11,P2,wnmid3,Bl0T1,0.889010489190167,1
11,N350,wnmid3,Bl0T1,-4.85867625803433,1
11,N100,wnmid3,Bl0T2,-3.70450052113034,1
11,P2,wnmid3,Bl0T2,2.1546837625577,1
11,N350,wnmid3,Bl0T2,-1.45457149948492,1
11,N100,wnmid3,Bl0T3,-2.10327956287927,1
11,P2,wnmid3,Bl0T3,1.5248856937816,1
11,N350,wnmid3,Bl0T3,-4.55178583146528,1
11,N100,wnmid3,Bl0T4,-2.75065854097836,1
11,P2,wnmid3,Bl0T4,2.06638441439285,1
11,N350,wnmid3,Bl0T4,-2.08082980610603,1
11,N100,wnend,Bl0T1,-5.75894826787502,1
11,P2,wnend,Bl0T1,2.682673065451,1
11,N350,wnend,Bl0T1,-5.49470133410637,1
11,N100,wnend,Bl0T2,1.67297649934356,1
11,P2,wnend,Bl0T2,6.06331857872151,1
11,N350,wnend,Bl0T2,2.47822981916723,1
11,N100,wnend,Bl0T3,-5.23838721245358,1
11,P2,wnend,Bl0T3,2.11208116036247,1
11,N350,wnend,Bl0T3,-3.92243496346372,1
11,N100,wnend,Bl0T4,-3.95621447365964,1
11,P2,wnend,Bl0T4,0.724429902108386,1
11,N350,wnend,Bl0T4,-5.81634502179921,1
11,N100,wmbeg,Bl0T1,-3.38304617280913,1
11,P2,wmbeg,Bl0T1,2.0246494816389,1
11,N350,wmbeg,Bl0T1,-1.42088454205815,1
11,N100,wmbeg,Bl0T2,-2.50351260875662,1
11,P2,wmbeg,Bl0T2,1.42796852711499,1
11,N350,wmbeg,Bl0T2,-3.87272365279496,1
11,N100,wmbeg,Bl0T3,-0.749958283259046,1
11,P2,wmbeg,Bl0T3,1.66396180093288,1
11,N350,wmbeg,Bl0T3,-2.27643325995831,1
11,N100,wmbeg,Bl0T4,-3.14140958156177,1
11,P2,wmbeg,Bl0T4,0.641774835610806,1
11,N350,wmbeg,Bl0T4,-2.21261409876305,1
11,N100,wmend,Bl0T1,-1.14495806839494,1
11,P2,wmend,Bl0T1,3.13211767322251,1
11,N350,wmend,Bl0T1,-0.743198593528498,1
11,N100,wmend,Bl0T2,-3.88880789620802,1
11,P2,wmend,Bl0T2,0.065074287224561,1
11,N350,wmend,Bl0T2,-4.35768734567799,1
11,N100,wmend,Bl0T3,-0.132346058610913,1
11,P2,wmend,Bl0T3,2.65871090613479,1
11,N350,wmend,Bl0T3,-1.53514555138211,1
11,N100,wmend,Bl0T4,-6.19784508065726,1
11,P2,wmend,Bl0T4,-0.181066450323814,1
11,N350,wmend,Bl0T4,-5.71525947657915,1
13,N100,wnbeg,Bl0T1,-3.92757174791552,1
13,P2,wnbeg,Bl0T1,2.47253687101048,1
13,N350,wnbeg,Bl0T1,-1.23019733103209,1
13,N100,wnbeg,Bl0T2,-3.66315753413148,1
13,P2,wnbeg,Bl0T2,1.31403357435104,1
13,N350,wnbeg,Bl0T2,-0.513809411193049,1
13,N100,wnbeg,Bl0T3,-3.25689819994427,1
13,P2,wnbeg,Bl0T3,1.70958857802408,1
13,N350,wnbeg,Bl0T3,-1.06398890815853,1
13,N100,wnbeg,Bl0T4,-2.60485164218171,1
13,P2,wnbeg,Bl0T4,2.33624955333423,1
13,N350,wnbeg,Bl0T4,-0.866890687408835,1
13,N100,wnmid1,Bl0T1,-1.30172409798418,1
13,P2,wnmid1,Bl0T1,5.54895747048514,1
13,N350,wnmid1,Bl0T1,-1.2061861554072,1
13,N100,wnmid1,Bl0T2,-4.31659625406529,1
13,P2,wnmid1,Bl0T2,0.100545217330719,1
13,N350,wnmid1,Bl0T2,-4.03516728964656,1
13,N100,wnmid1,Bl0T3,-2.38711154367775,1
13,P2,wnmid1,Bl0T3,4.34816516015509,1
13,N350,wnmid1,Bl0T3,-1.04102378071032,1
13,N100,wnmid1,Bl0T4,-2.92204467040855,1
13,P2,wnmid1,Bl0T4,3.66099365845669,1
13,N350,wnmid1,Bl0T4,-3.05878859934245,1
13,N100,wnmid2,Bl0T1,-2.23408914459379,1
13,P2,wnmid2,Bl0T1,5.32890547171639,1
13,N350,wnmid2,Bl0T1,-5.48552504209311,1
13,N100,wnmid2,Bl0T2,-4.77283189418011,1
13,P2,wnmid2,Bl0T2,-1.12855485766086,1
13,N350,wnmid2,Bl0T2,-6.90066874138145,1
13,N100,wnmid2,Bl0T3,-1.99050799968631,1
13,P2,wnmid2,Bl0T3,3.51119343231237,1
13,N350,wnmid2,Bl0T3,-7.41600020659524,1
13,N100,wnmid2,Bl0T4,-2.98827498705969,1
13,P2,wnmid2,Bl0T4,3.53930022159503,1
13,N350,wnmid2,Bl0T4,1.27086329616251,1
13,N100,wnmid3,Bl0T1,-3.525295188137,1
13,P2,wnmid3,Bl0T1,0.490325230083151,1
13,N350,wnmid3,Bl0T1,-2.74191289648816,1
13,N100,wnmid3,Bl0T2,-1.65503897209736,1
13,P2,wnmid3,Bl0T2,3.7065121661406,1
13,N350,wnmid3,Bl0T2,-1.54327752086419,1
13,N100,wnmid3,Bl0T3,-2.4878701155148,1
13,P2,wnmid3,Bl0T3,2.46572786967101,1
13,N350,wnmid3,Bl0T3,-4.17158298979577,1
13,N100,wnmid3,Bl0T4,-2.85485696122917,1
13,P2,wnmid3,Bl0T4,2.47134221473406,1
13,N350,wnmid3,Bl0T4,-2.68681165502342,1
13,N100,wnend,Bl0T1,-3.67184964363895,1
13,P2,wnend,Bl0T1,1.58557316780817,1
13,N350,wnend,Bl0T1,-6.35063513252066,1
13,N100,wnend,Bl0T2,-1.82656695838973,1
13,P2,wnend,Bl0T2,1.32555721465143,1
13,N350,wnend,Bl0T2,-5.06325910673255,1
13,N100,wnend,Bl0T3,-4.51750110178579,1
13,P2,wnend,Bl0T3,0.633571688588276,1
13,N350,wnend,Bl0T3,-4.48740554496992,1
13,N100,wnend,Bl0T4,-4.06281846730039,1
13,P2,wnend,Bl0T4,3.1455500196293,1
13,N350,wnend,Bl0T4,-1.16034012097865,1
13,N100,wmbeg,Bl0T1,-1.69568432947484,1
13,P2,wmbeg,Bl0T1,1.95708832429131,1
13,N350,wmbeg,Bl0T1,-2.84021891538599,1
13,N100,wmbeg,Bl0T2,-2.41925442214237,1
13,P2,wmbeg,Bl0T2,1.88120235126556,1
13,N350,wmbeg,Bl0T2,-2.83235515523248,1
13,N100,wmbeg,Bl0T3,-6.41871857097963,1
13,P2,wmbeg,Bl0T3,-0.00463660214459751,1
13,N350,wmbeg,Bl0T3,-4.83917885326394,1
13,N100,wmbeg,Bl0T4,-1.66882999046007,1
13,P2,wmbeg,Bl0T4,0.511103426788468,1
13,N350,wmbeg,Bl0T4,-0.88175276693888,1
13,N100,wmend,Bl0T1,-4.64383872313382,1
13,P2,wmend,Bl0T1,0.415334622362672,1
13,N350,wmend,Bl0T1,-4.30256546612742,1
13,N100,wmend,Bl0T2,-0.975642409317769,1
13,P2,wmend,Bl0T2,1.16194287558238,1
13,N350,wmend,Bl0T2,-2.35187347682929,1
13,N100,wmend,Bl0T3,-4.47649667131799,1
13,P2,wmend,Bl0T3,0.0616140176626769,1
13,N350,wmend,Bl0T3,-2.16951959338039,1
13,N100,wmend,Bl0T4,-2.0617601424117,1
13,P2,wmend,Bl0T4,3.56654300593602,1
13,N350,wmend,Bl0T4,-0.187395938210697,1
14,N100,wnbeg,Bl0T1,-3.51743132213001,1
14,P2,wnbeg,Bl0T1,3.90581450183703,1
14,N350,wnbeg,Bl0T1,-3.72214480506819,1
14,N100,wnbeg,Bl0T2,-3.03192672622065,1
14,P2,wnbeg,Bl0T2,-0.112951011937328,1
14,N350,wnbeg,Bl0T2,-1.94988010664535,1
14,N100,wnbeg,Bl0T3,-1.31893730553972,1
14,P2,wnbeg,Bl0T3,0.648092068801092,1
14,N350,wnbeg,Bl0T3,-0.818751798652459,1
14,N100,wnbeg,Bl0T4,-1.19824322804289,1
14,P2,wnbeg,Bl0T4,0.974112086018634,1
14,N350,wnbeg,Bl0T4,-1.17426169046829,1
14,N100,wnmid1,Bl0T1,-3.7030264003033,1
14,P2,wnmid1,Bl0T1,3.12956387012858,1
14,N350,wnmid1,Bl0T1,-3.98782288388942,1
14,N100,wnmid1,Bl0T2,-1.64090018955652,1
14,P2,wnmid1,Bl0T2,0.136173040699214,1
14,N350,wnmid1,Bl0T2,-1.03548165888272,1
14,N100,wnmid1,Bl0T3,-2.3388123661449,1
14,P2,wnmid1,Bl0T3,0.40283515071073,1
14,N350,wnmid1,Bl0T3,-1.6001270648346,1
14,N100,wnmid1,Bl0T4,-2.31338727342981,1
14,P2,wnmid1,Bl0T4,-0.426588136567311,1
14,N350,wnmid1,Bl0T4,-2.77414137157188,1
14,N100,wnmid2,Bl0T1,-2.54884376392954,1
14,P2,wnmid2,Bl0T1,3.90732083141126,1
14,N350,wnmid2,Bl0T1,-2.13734031643041,1
14,N100,wnmid2,Bl0T2,-1.42531746695326,1
14,P2,wnmid2,Bl0T2,0.970482887954197,1
14,N350,wnmid2,Bl0T2,-0.0980186499401249,1
14,N100,wnmid2,Bl0T3,-1.66413069883751,1
14,P2,wnmid2,Bl0T3,1.27770481442296,1
14,N350,wnmid2,Bl0T3,-0.916997803067572,1
14,N100,wnmid2,Bl0T4,-1.1300064812753,1
14,P2,wnmid2,Bl0T4,2.05923962146044,1
14,N350,wnmid2,Bl0T4,-0.213393847146918,1
14,N100,wnmid3,Bl0T1,-3.37579291481948,1
14,P2,wnmid3,Bl0T1,2.49583950096911,1
14,N350,wnmid3,Bl0T1,-1.77075844454494,1
14,N100,wnmid3,Bl0T2,-0.207700427367606,1
14,P2,wnmid3,Bl0T2,1.74927853336769,1
14,N350,wnmid3,Bl0T2,-0.892310229432769,1
14,N100,wnmid3,Bl0T3,-1.50987577397715,1
14,P2,wnmid3,Bl0T3,0.636391277712855,1
14,N350,wnmid3,Bl0T3,0.417490133135156,1
14,N100,wnmid3,Bl0T4,0.184928027053618,1
14,P2,wnmid3,Bl0T4,3.26332202372141,1
14,N350,wnmid3,Bl0T4,0.715143107127568,1
14,N100,wnend,Bl0T1,-2.46138312293809,1
14,P2,wnend,Bl0T1,3.45905914928087,1
14,N350,wnend,Bl0T1,-1.59142102306201,1
14,N100,wnend,Bl0T2,-1.12334485472678,1
14,P2,wnend,Bl0T2,1.17574538633574,1
14,N350,wnend,Bl0T2,-0.891148138119904,1
14,N100,wnend,Bl0T3,-1.91985196476294,1
14,P2,wnend,Bl0T3,0.837996316697999,1
14,N350,wnend,Bl0T3,-1.22011351425979,1
14,N100,wnend,Bl0T4,-0.582661628105085,1
14,P2,wnend,Bl0T4,1.48018646821888,1
14,N350,wnend,Bl0T4,-0.446248153757981,1
14,N100,wmbeg,Bl0T1,-5.610925507918,1
14,P2,wmbeg,Bl0T1,4.01128339271527,1
14,N350,wmbeg,Bl0T1,-9.8508865699172,1
14,N100,wmbeg,Bl0T2,-4.20710601881146,1
14,P2,wmbeg,Bl0T2,-0.509615497291088,1
14,N350,wmbeg,Bl0T2,-6.4118796274066,1
14,N100,wmbeg,Bl0T4,3.91139642357826,1
14,P2,wmbeg,Bl0T4,5.50012710630894,1
14,N350,wmbeg,Bl0T4,-2.23322254598141,1
14,N100,wmend,Bl0T1,-3.61558945841259,1
14,P2,wmend,Bl0T1,3.34047993885146,1
14,N350,wmend,Bl0T1,1.60442821698056,1
14,N100,wmend,Bl0T2,-2.81919258855856,1
14,P2,wmend,Bl0T2,2.57374438941479,1
14,N350,wmend,Bl0T2,-1.9743080001611,1
14,N100,wmend,Bl0T3,-2.49569696279036,1
14,P2,wmend,Bl0T3,-0.595822072691388,1
14,N350,wmend,Bl0T3,-2.7163086152532,1
14,N100,wmend,Bl0T4,-3.05036858737469,1
14,P2,wmend,Bl0T4,4.1950706936419,1
14,N350,wmend,Bl0T4,-3.73439652830362,1
15,N100,wnbeg,Bl0T1,-3.62410081094347,1
15,P2,wnbeg,Bl0T1,2.01653819544198,1
15,N350,wnbeg,Bl0T1,-5.21938721471748,1
15,N100,wnbeg,Bl0T2,-1.52091493467952,1
15,P2,wnbeg,Bl0T2,0.295663245923297,1
15,N350,wnbeg,Bl0T2,-2.03350529759732,1
15,N100,wnbeg,Bl0T3,-1.7134114661189,1
15,P2,wnbeg,Bl0T3,-1.37136113716419,1
15,N350,wnbeg,Bl0T3,-5.49813511413197,1
15,N100,wnbeg,Bl0T4,-1.60569642643843,1
15,P2,wnbeg,Bl0T4,0.660008057774532,1
15,N350,wnbeg,Bl0T4,-0.681524828244888,1
15,N100,wnmid1,Bl0T1,-3.41281843957576,1
15,P2,wnmid1,Bl0T1,5.67875925807113,1
15,N350,wnmid1,Bl0T1,-4.91841045292941,1
15,N100,wnmid1,Bl0T2,-2.56049033085054,1
15,P2,wnmid1,Bl0T2,0.40716429232535,1
15,N350,wnmid1,Bl0T2,-3.02285252889957,1
15,N100,wnmid1,Bl0T3,-2.28694874854197,1
15,P2,wnmid1,Bl0T3,-2.35773150538179,1
15,N350,wnmid1,Bl0T3,-3.18905694629674,1
15,N100,wnmid1,Bl0T4,-2.40710880618796,1
15,P2,wnmid1,Bl0T4,-1.59195654819804,1
15,N350,wnmid1,Bl0T4,-2.80860365127975,1
15,N100,wnmid2,Bl0T1,-1.264416624013,1
15,P2,wnmid2,Bl0T1,4.6394033304585,1
15,N350,wnmid2,Bl0T1,-3.67575744886629,1
15,N100,wnmid2,Bl0T2,-1.95550505316188,1
15,P2,wnmid2,Bl0T2,-0.739642973001613,1
15,N350,wnmid2,Bl0T2,-1.71780772805214,1
15,N100,wnmid2,Bl0T3,-0.218428393262763,1
15,P2,wnmid2,Bl0T3,1.7187386662461,1
15,N350,wnmid2,Bl0T3,-0.403229005721419,1
15,N100,wnmid2,Bl0T4,-2.58462405076554,1
15,P2,wnmid2,Bl0T4,1.21557073293384,1
15,N350,wnmid2,Bl0T4,-2.87100510271483,1
15,N100,wnmid3,Bl0T1,-1.41828163141428,1
15,P2,wnmid3,Bl0T1,3.96064610141654,1
15,N350,wnmid3,Bl0T1,-2.66328620414431,1
15,N100,wnmid3,Bl0T2,-2.51148958368735,1
15,P2,wnmid3,Bl0T2,1.46300642607226,1
15,N350,wnmid3,Bl0T2,-1.21044730979272,1
15,N100,wnmid3,Bl0T3,-1.73438564265623,1
15,P2,wnmid3,Bl0T3,2.44152246041678,1
15,N350,wnmid3,Bl0T3,-2.26232894257058,1
15,N100,wnmid3,Bl0T4,-1.34861096428199,1
15,P2,wnmid3,Bl0T4,1.23201534831486,1
15,N350,wnmid3,Bl0T4,-2.11820260276171,1
15,N100,wnend,Bl0T1,-1.5774786716457,1
15,P2,wnend,Bl0T1,3.20420898940674,1
15,N350,wnend,Bl0T1,-3.88993940534243,1
15,N100,wnend,Bl0T2,-2.74489912002586,1
15,P2,wnend,Bl0T2,0.628338931691508,1
15,N350,wnend,Bl0T2,-1.89250821146768,1
15,N100,wnend,Bl0T3,-1.05452711518322,1
15,P2,wnend,Bl0T3,2.14373221285641,1
15,N350,wnend,Bl0T3,-1.1063381510565,1
15,N100,wnend,Bl0T4,-3.51411064007235,1
15,P2,wnend,Bl0T4,-1.82045534648509,1
15,N350,wnend,Bl0T4,-4.63821122940968,1
15,N100,wmbeg,Bl0T1,-1.90926808691744,1
15,P2,wmbeg,Bl0T1,3.23727615727433,1
15,N350,wmbeg,Bl0T1,-3.97067606946261,1
15,N100,wmbeg,Bl0T2,-5.7653912775636,1
15,P2,wmbeg,Bl0T2,-0.803355137714795,1
15,N350,wmbeg,Bl0T2,-5.42661407250783,1
15,N100,wmbeg,Bl0T3,-3.89651149372602,1
15,P2,wmbeg,Bl0T3,-1.39695892035961,1
15,N350,wmbeg,Bl0T3,-4.17893136364633,1
15,N100,wmbeg,Bl0T4,-2.13669420693602,1
15,P2,wmbeg,Bl0T4,0.133079490338319,1
15,N350,wmbeg,Bl0T4,-2.21961485200695,1
15,N100,wmend,Bl0T1,0.186982971121525,1
15,P2,wmend,Bl0T1,5.81493584306846,1
15,N350,wmend,Bl0T1,0.495427246362469,1
15,N100,wmend,Bl0T2,-2.24594661037127,1
15,P2,wmend,Bl0T2,0.602564974377553,1
15,N350,wmend,Bl0T2,-2.61834423393011,1
15,N100,wmend,Bl0T3,0.387766147231062,1
15,P2,wmend,Bl0T3,3.42063003112872,1
15,N350,wmend,Bl0T3,0.772178778747718,1
15,N100,wmend,Bl0T4,-1.1644639869531,1
15,P2,wmend,Bl0T4,3.59987186207126,1
15,N350,wmend,Bl0T4,-0.508831453273694,1
16,N100,wnbeg,Bl0T1,-1.79462037391606,1
16,P2,wnbeg,Bl0T1,0.472826851336729,1
16,N350,wnbeg,Bl0T1,-3.09116587778997,1
16,N100,wnbeg,Bl0T2,-4.10480435518991,1
16,P2,wnbeg,Bl0T2,0.065954569842489,1
16,N350,wnbeg,Bl0T2,-2.70024776051619,1
16,N100,wnbeg,Bl0T3,-1.97215265335385,1
16,P2,wnbeg,Bl0T3,2.00026651034781,1
16,N350,wnbeg,Bl0T3,-0.1671208009492,1
16,N100,wnbeg,Bl0T4,-1.78480326224898,1
16,P2,wnbeg,Bl0T4,1.51148767885211,1
16,N350,wnbeg,Bl0T4,-1.11143030662869,1
16,N100,wnmid1,Bl0T1,-1.42073599090583,1
16,P2,wnmid1,Bl0T1,1.20567735592986,1
16,N350,wnmid1,Bl0T1,-2.02405870260541,1
16,N100,wnmid1,Bl0T2,-2.00632521180046,1
16,P2,wnmid1,Bl0T2,0.977981562288695,1
16,N350,wnmid1,Bl0T2,-1.9126926021867,1
16,N100,wnmid1,Bl0T3,-3.1828205909072,1
16,P2,wnmid1,Bl0T3,0.00193599689413201,1
16,N350,wnmid1,Bl0T3,-1.59302140833302,1
16,N100,wnmid1,Bl0T4,-1.39418062321757,1
16,P2,wnmid1,Bl0T4,0.80395747477358,1
16,N350,wnmid1,Bl0T4,-1.47048661099662,1
16,N100,wnmid2,Bl0T1,-2.52783978776265,1
16,P2,wnmid2,Bl0T1,1.10801485661333,1
16,N350,wnmid2,Bl0T1,-1.39572928299789,1
16,N100,wnmid2,Bl0T2,-1.1258932789576,1
16,P2,wnmid2,Bl0T2,1.37160481940955,1
16,N350,wnmid2,Bl0T2,-1.76812565245412,1
16,N100,wnmid2,Bl0T3,-3.16714628804908,1
16,P2,wnmid2,Bl0T3,0.339192209284493,1
16,N350,wnmid2,Bl0T3,-0.931681648312613,1
16,N100,wnmid2,Bl0T4,-1.41499196384102,1
16,P2,wnmid2,Bl0T4,0.913716064046391,1
16,N350,wnmid2,Bl0T4,-1.31595609354025,1
16,N100,wnmid3,Bl0T1,-3.18650439212268,1
16,P2,wnmid3,Bl0T1,0.799632155860242,1
16,N350,wnmid3,Bl0T1,-3.01465004716407,1
16,N100,wnmid3,Bl0T2,-1.07296510724859,1
16,P2,wnmid3,Bl0T2,1.76869611519135,1
16,N350,wnmid3,Bl0T2,-0.900254346277903,1
16,N100,wnmid3,Bl0T3,-1.50838034732098,1
16,P2,wnmid3,Bl0T3,2.09906004321846,1
16,N350,wnmid3,Bl0T3,0.357076018134301,1
16,N100,wnmid3,Bl0T4,-1.96567749798467,1
16,P2,wnmid3,Bl0T4,0.495629383560101,1
16,N350,wnmid3,Bl0T4,-1.51605853914199,1
16,N100,wnend,Bl0T1,-2.91903392585333,1
16,P2,wnend,Bl0T1,1.28321414357051,1
16,N350,wnend,Bl0T1,-1.36972693291239,1
16,N100,wnend,Bl0T2,-0.163831612121227,1
16,P2,wnend,Bl0T2,0.326173159480095,1
16,N350,wnend,Bl0T2,-1.61674868450608,1
16,N100,wnend,Bl0T3,-1.90107169281268,1
16,P2,wnend,Bl0T3,0.507606257565997,1
16,N350,wnend,Bl0T3,-2.22657626504925,1
16,N100,wnend,Bl0T4,-2.40124980729251,1
16,P2,wnend,Bl0T4,1.75033129435476,1
16,N350,wnend,Bl0T4,0.181878415459678,1
16,N100,wmbeg,Bl0T1,-2.61395599456547,1
16,P2,wmbeg,Bl0T1,-0.0726382817883521,1
16,N350,wmbeg,Bl0T1,-2.6226027055102,1
16,N100,wmbeg,Bl0T2,-1.91070738763859,1
16,P2,wmbeg,Bl0T2,0.944091207214764,1
16,N350,wmbeg,Bl0T2,-0.898761238523626,1
16,N100,wmbeg,Bl0T3,-1.39589621230613,1
16,P2,wmbeg,Bl0T3,0.433615137274962,1
16,N350,wmbeg,Bl0T3,-0.801301194276921,1
16,N100,wmbeg,Bl0T4,-1.2618093773766,1
16,P2,wmbeg,Bl0T4,0.488082105345851,1
16,N350,wmbeg,Bl0T4,-0.514994875943765,1
16,N100,wmend,Bl0T1,-2.7901964997784,1
16,P2,wmend,Bl0T1,0.341341627637545,1
16,N350,wmend,Bl0T1,-2.61061294834529,1
16,N100,wmend,Bl0T2,-2.10793658621101,1
16,P2,wmend,Bl0T2,0.292036358859729,1
16,N350,wmend,Bl0T2,-0.973803090659732,1
16,N100,wmend,Bl0T3,-0.615544502791904,1
16,P2,wmend,Bl0T3,1.91850702849305,1
16,N350,wmend,Bl0T3,-0.678753960274515,1
16,N100,wmend,Bl0T4,-2.61930612698414,1
16,P2,wmend,Bl0T4,-0.342700246704179,1
16,N350,wmend,Bl0T4,-1.32374031236179,1
17,N100,wnbeg,Bl0T1,-2.33429051086849,1
17,P2,wnbeg,Bl0T1,-1.25381239094706,1
17,N350,wnbeg,Bl0T1,-4.23115398170816,1
17,N100,wnbeg,Bl0T2,-1.05207571615351,1
17,P2,wnbeg,Bl0T2,0.54181834655564,1
17,N350,wnbeg,Bl0T2,-1.10048035001609,1
17,N100,wnbeg,Bl0T3,-1.70823679743551,1
17,P2,wnbeg,Bl0T3,0.733099974457954,1
17,N350,wnbeg,Bl0T3,-1.37631513604591,1
17,N100,wnbeg,Bl0T4,-1.93567504229587,1
17,P2,wnbeg,Bl0T4,-0.754574242719384,1
17,N350,wnbeg,Bl0T4,-0.485930902004069,1
17,N100,wnmid1,Bl0T1,-1.70841022113838,1
17,P2,wnmid1,Bl0T1,0.160120826259698,1
17,N350,wnmid1,Bl0T1,-4.59603943352292,1
17,N100,wnmid1,Bl0T2,-1.93269038274884,1
17,P2,wnmid1,Bl0T2,-0.216497614685186,1
17,N350,wnmid1,Bl0T2,-0.785165413850269,1
17,N100,wnmid1,Bl0T3,-3.06751983504404,1
17,P2,wnmid1,Bl0T3,-0.888283770281652,1
17,N350,wnmid1,Bl0T3,-2.17269577773457,1
17,N100,wnmid1,Bl0T4,-1.58171588211236,1
17,P2,wnmid1,Bl0T4,-1.88428141869266,1
17,N350,wnmid1,Bl0T4,-2.32585761468985,1
17,N100,wnmid2,Bl0T1,-1.02219858856194,1
17,P2,wnmid2,Bl0T1,1.88042663272301,1
17,N350,wnmid2,Bl0T1,-1.13794540688395,1
17,N100,wnmid2,Bl0T2,-2.41486558986997,1
17,P2,wnmid2,Bl0T2,-0.771274502744729,1
17,N350,wnmid2,Bl0T2,-2.51556925728748,1
17,N100,wnmid2,Bl0T3,-1.86865195152572,1
17,P2,wnmid2,Bl0T3,-0.486603694194041,1
17,N350,wnmid2,Bl0T3,-1.8853214674851,1
17,N100,wnmid2,Bl0T4,-1.60110046842764,1
17,P2,wnmid2,Bl0T4,0.354628889753516,1
17,N350,wnmid2,Bl0T4,-0.439144032860045,1
17,N100,wnmid3,Bl0T1,-2.61538890859705,1
17,P2,wnmid3,Bl0T1,-0.919180110621859,1
17,N350,wnmid3,Bl0T1,-3.48142863923514,1
17,N100,wnmid3,Bl0T2,0.215659368109135,1
17,P2,wnmid3,Bl0T2,1.34539825288313,1
17,N350,wnmid3,Bl0T2,0.951737772549192,1
17,N100,wnmid3,Bl0T3,-0.227147863127969,1
17,P2,wnmid3,Bl0T3,0.641905702498281,1
17,N350,wnmid3,Bl0T3,0.0844669657166708,1
17,N100,wnmid3,Bl0T4,-1.13008095675387,1
17,P2,wnmid3,Bl0T4,1.86437075680871,0
17,N350,wnmid3,Bl0T4,-0.699612374092657,1
17,N100,wnend,Bl0T1,-1.86380068770008,1
17,P2,wnend,Bl0T1,-0.919577824846819,1
17,N350,wnend,Bl0T1,-3.62473924655195,1
17,N100,wnend,Bl0T2,-2.2167975938117,1
17,P2,wnend,Bl0T2,-0.868967376577414,1
17,N350,wnend,Bl0T2,-1.43146050709554,1
17,N100,wnend,Bl0T3,0.0395126928490671,1
17,P2,wnend,Bl0T3,0.877065730831501,1
17,N350,wnend,Bl0T3,0.351681693880395,1
17,N100,wnend,Bl0T4,-1.8399560077325,1
17,P2,wnend,Bl0T4,0.661954867298347,1
17,N350,wnend,Bl0T4,0.302777679299199,1
17,N100,wmbeg,Bl0T1,-2.01259929547841,1
17,P2,wmbeg,Bl0T1,2.51822900083419,1
17,N350,wmbeg,Bl0T1,-3.07755566207138,1
17,N100,wmbeg,Bl0T2,-3.29262756757172,1
17,P2,wmbeg,Bl0T2,0.525985446128817,1
17,N350,wmbeg,Bl0T2,-0.772978673165753,1
17,N100,wmbeg,Bl0T3,-0.387664826858688,1
17,P2,wmbeg,Bl0T3,1.49482823789522,1
17,N350,wmbeg,Bl0T3,0.391445418199952,1
17,N100,wmbeg,Bl0T4,-0.497539177047355,1
17,P2,wmbeg,Bl0T4,1.70062394599829,1
17,N350,wmbeg,Bl0T4,-2.43530936609155,1
17,N100,wmend,Bl0T1,-1.18445503988436,1
17,P2,wmend,Bl0T1,2.81809243215691,1
17,N350,wmend,Bl0T1,-2.29499132675784,1
17,N100,wmend,Bl0T2,-1.62778393672996,1
17,P2,wmend,Bl0T2,0.170393850286166,1
17,N350,wmend,Bl0T2,-2.39278771880754,1
17,N100,wmend,Bl0T3,-2.62392685733736,1
17,P2,wmend,Bl0T3,-0.603648328017444,1
17,N350,wmend,Bl0T3,-2.88196037311107,1
17,N100,wmend,Bl0T4,-1.27830004671285,1
17,P2,wmend,Bl0T4,-1.10060384220249,1
17,N350,wmend,Bl0T4,-1.40338579771477,1
19,N100,wnbeg,Bl0T1,-3.01192617577522,1
19,P2,wnbeg,Bl0T1,3.96768693487311,1
19,N350,wnbeg,Bl0T1,-3.85285338970811,1
19,N100,wnbeg,Bl0T2,-2.31345591108466,1
19,P2,wnbeg,Bl0T2,0.78715023151274,1
19,N350,wnbeg,Bl0T2,-0.790857973131676,1
19,N100,wnbeg,Bl0T3,-3.54737523623875,1
19,P2,wnbeg,Bl0T3,-0.604529079457834,1
19,N350,wnbeg,Bl0T3,-2.67746429891503,1
19,N100,wnbeg,Bl0T4,-2.72927021897983,1
19,P2,wnbeg,Bl0T4,0.114462429094453,1
19,N350,wnbeg,Bl0T4,-1.97351275228484,1
19,N100,wnmid1,Bl0T1,-2.17662955336061,1
19,P2,wnmid1,Bl0T1,5.20112661385739,1
19,N350,wnmid1,Bl0T1,-2.63246765563434,1
19,N100,wnmid1,Bl0T2,-3.52574344461872,1
19,P2,wnmid1,Bl0T2,-1.00342256309731,1
19,N350,wnmid1,Bl0T2,-2.96355317578252,1
19,N100,wnmid1,Bl0T3,-0.94697862534329,1
19,P2,wnmid1,Bl0T3,1.98363153980395,1
19,N350,wnmid1,Bl0T3,-1.12612722770766,1
19,N100,wnmid1,Bl0T4,-3.26151026731611,1
19,P2,wnmid1,Bl0T4,-0.00769133390858769,1
19,N350,wnmid1,Bl0T4,-1.86857123906639,1
19,N100,wnmid2,Bl0T1,-4.76952561929991,1
19,P2,wnmid2,Bl0T1,0.523641784319823,1
19,N350,wnmid2,Bl0T1,-7.21658802975911,1
19,N100,wnmid2,Bl0T2,-5.56440308429301,1
19,P2,wnmid2,Bl0T2,-1.15845496000891,1
19,N350,wnmid2,Bl0T2,-5.20172879211605,1
19,N100,wnmid2,Bl0T3,-2.84280573280398,1
19,P2,wnmid2,Bl0T3,0.605705887815634,1
19,N350,wnmid2,Bl0T3,-2.39166137531053,1
19,N100,wnmid2,Bl0T4,-3.80304133341732,1
19,P2,wnmid2,Bl0T4,0.112870216894556,1
19,N350,wnmid2,Bl0T4,-3.55149718298238,1
19,N100,wnmid3,Bl0T1,-4.98513151915236,1
19,P2,wnmid3,Bl0T1,3.06769365068864,1
19,N350,wnmid3,Bl0T1,-4.64464114767245,1
19,N100,wnmid3,Bl0T2,-2.121637992019,1
19,P2,wnmid3,Bl0T2,1.90896986099807,1
19,N350,wnmid3,Bl0T2,-2.808622264117,1
19,N100,wnmid3,Bl0T3,-2.49637243215587,1
19,P2,wnmid3,Bl0T3,1.86363304169341,1
19,N350,wnmid3,Bl0T3,-2.52157626199451,1
19,N100,wnmid3,Bl0T4,-4.90850847053596,1
19,P2,wnmid3,Bl0T4,1.12775279987095,1
19,N350,wnmid3,Bl0T4,-2.85352063278922,1
19,N100,wnend,Bl0T1,-4.25363773308504,1
19,P2,wnend,Bl0T1,-0.191787770089947,1
19,N350,wnend,Bl0T1,-6.06471639827571,1
19,N100,wnend,Bl0T2,-1.73034715590091,1
19,P2,wnend,Bl0T2,3.1210049379617,1
19,N350,wnend,Bl0T2,-2.70271941159259,1
19,N100,wnend,Bl0T3,-2.33856196674434,1
19,P2,wnend,Bl0T3,2.10777704587037,1
19,N350,wnend,Bl0T3,-3.38435268954332,1
19,N100,wnend,Bl0T4,-5.55447601686994,1
19,P2,wnend,Bl0T4,0.396272043150119,1
19,N350,wnend,Bl0T4,-3.43981889112937,1
19,N100,wmbeg,Bl0T1,-2.58972266683745,1
19,P2,wmbeg,Bl0T1,0.806390818139148,0
19,N350,wmbeg,Bl0T1,-2.93096625814648,1
19,N100,wmbeg,Bl0T2,-1.65633231251999,1
19,P2,wmbeg,Bl0T2,0.255664965597003,1
19,N350,wmbeg,Bl0T2,-1.53283337434797,1
19,N100,wmbeg,Bl0T3,-3.88503750482964,1
19,P2,wmbeg,Bl0T3,0.44446842998786,1
19,N350,wmbeg,Bl0T3,-1.50925580543834,1
19,N100,wmbeg,Bl0T4,-1.51083985809887,1
19,P2,wmbeg,Bl0T4,1.36074009853047,1
19,N350,wmbeg,Bl0T4,-2.1129175303114,1
19,N100,wmend,Bl0T1,-2.67746204557744,1
19,P2,wmend,Bl0T1,2.64818387288939,1
19,N350,wmend,Bl0T1,-1.27692570883611,1
19,N100,wmend,Bl0T2,-1.76497892327607,1
19,P2,wmend,Bl0T2,1.67104023464701,1
19,N350,wmend,Bl0T2,-0.355312681875446,1
19,N100,wmend,Bl0T3,-2.52597968040712,1
19,P2,wmend,Bl0T3,1.26490009985864,1
19,N350,wmend,Bl0T3,-2.80967857996849,1
19,N100,wmend,Bl0T4,-2.84556670668112,1
19,P2,wmend,Bl0T4,1.16491910584948,1
19,N350,wmend,Bl0T4,-1.14311635569585,1
20,N100,wnbeg,Bl0T1,-1.99447764463368,1
20,P2,wnbeg,Bl0T1,1.90749069931252,1
20,N350,wnbeg,Bl0T1,-1.15128027779006,1
20,N100,wnbeg,Bl0T2,-2.4388148884094,1
20,P2,wnbeg,Bl0T2,0.0699698705312817,1
20,N350,wnbeg,Bl0T2,-1.10721312685068,1
20,N100,wnbeg,Bl0T3,-2.30912248408205,1
20,P2,wnbeg,Bl0T3,-0.744737839447551,1
20,N350,wnbeg,Bl0T3,-0.0155523305715517,1
20,N100,wnbeg,Bl0T4,-2.85809491741948,1
20,P2,wnbeg,Bl0T4,-0.363892755784639,1
20,N350,wnbeg,Bl0T4,-0.349593436381802,1
20,N100,wnmid1,Bl0T1,-3.17210773012855,1
20,P2,wnmid1,Bl0T1,-0.905357883595438,1
20,N350,wnmid1,Bl0T1,-4.17712858671492,1
20,N100,wnmid1,Bl0T2,-4.68200757588175,1
20,P2,wnmid1,Bl0T2,-1.53381033544852,1
20,N350,wnmid1,Bl0T2,-2.32070269923319,1
20,N100,wnmid1,Bl0T3,-2.61153438385915,1
20,P2,wnmid1,Bl0T3,-0.989906279006126,1
20,N350,wnmid1,Bl0T3,-2.06495950953527,1
20,N100,wnmid1,Bl0T4,-3.48656189441681,1
20,P2,wnmid1,Bl0T4,-0.88089249920608,1
20,N350,wnmid1,Bl0T4,-2.13349586227401,1
20,N100,wnmid2,Bl0T1,-4.68144166069952,1
20,P2,wnmid2,Bl0T1,-0.202834619378502,1
20,N350,wnmid2,Bl0T1,-6.17561250145505,1
20,N100,wnmid2,Bl0T2,-2.59436067739893,1
20,P2,wnmid2,Bl0T2,2.94154611876742,1
20,N350,wnmid2,Bl0T2,0.840634952891957,1
20,N100,wnmid2,Bl0T3,-3.38801214122322,1
20,P2,wnmid2,Bl0T3,-0.162126835626225,1
20,N350,wnmid2,Bl0T3,-4.52908840298133,1
20,N100,wnmid2,Bl0T4,-2.59123351475181,1
20,P2,wnmid2,Bl0T4,0.745259669457757,1
20,N350,wnmid2,Bl0T4,-0.0290202874798588,1
20,N100,wnmid3,Bl0T1,-2.05937920319182,1
20,P2,wnmid3,Bl0T1,3.11577436767873,1
20,N350,wnmid3,Bl0T1,-3.48812713932157,1
20,N100,wnmid3,Bl0T2,-2.30690994692434,1
20,P2,wnmid3,Bl0T2,0.234039735709805,1
20,N350,wnmid3,Bl0T2,0.0174171575478145,1
20,N100,wnmid3,Bl0T3,-4.05820370625228,1
20,P2,wnmid3,Bl0T3,-1.61692139795494,1
20,N350,wnmid3,Bl0T3,-2.98613173635233,1
20,N100,wnmid3,Bl0T4,-2.68141741804605,1
20,P2,wnmid3,Bl0T4,0.516984718344932,1
20,N350,wnmid3,Bl0T4,-4.38765193509848,1
20,N100,wnend,Bl0T1,-2.16126725456931,1
20,P2,wnend,Bl0T1,0.548259306377308,1
20,N350,wnend,Bl0T1,-2.08510795303366,1
20,N100,wnend,Bl0T2,-2.66602197469667,1
20,P2,wnend,Bl0T2,-0.709653065050411,1
20,N350,wnend,Bl0T2,-1.90524599084327,1
20,N100,wnend,Bl0T3,-1.81550828657028,1
20,P2,wnend,Bl0T3,-0.933465205717155,1
20,N350,wnend,Bl0T3,-2.26322302754799,1
20,N100,wnend,Bl0T4,-2.91976755701958,1
20,P2,wnend,Bl0T4,-0.110232434647028,1
20,N350,wnend,Bl0T4,-1.20472074237132,1
20,N100,wmbeg,Bl0T1,-3.01397037812109,1
20,P2,wmbeg,Bl0T1,0.361301229539372,1
20,N350,wmbeg,Bl0T1,-2.54742094477018,1
20,N100,wmbeg,Bl0T2,-3.30540909791409,1
20,P2,wmbeg,Bl0T2,-1.12977404295532,1
20,N350,wmbeg,Bl0T2,-1.73476390844471,1
20,N100,wmbeg,Bl0T3,-3.05815437292544,1
20,P2,wmbeg,Bl0T3,-0.49999806547492,1
20,N350,wmbeg,Bl0T3,-1.74912597322837,1
20,N100,wmbeg,Bl0T4,-2.69775858180864,1
20,P2,wmbeg,Bl0T4,-0.460104733545865,1
20,N350,wmbeg,Bl0T4,-1.44469597119661,1
20,N100,wmend,Bl0T1,-5.81209013458389,1
20,P2,wmend,Bl0T1,-1.61150762271136,1
20,N350,wmend,Bl0T1,-4.47098635849966,1
20,N100,wmend,Bl0T2,-0.489833003945302,1
20,P2,wmend,Bl0T2,2.29373358894399,1
20,N350,wmend,Bl0T2,0.314693352419796,1
20,N100,wmend,Bl0T3,-1.80354675572704,1
20,P2,wmend,Bl0T3,0.850552745138041,1
20,N350,wmend,Bl0T3,-0.291775183244185,1
20,N100,wmend,Bl0T4,-2.74189903397452,1
20,P2,wmend,Bl0T4,-0.17877685170282,1
20,N350,wmend,Bl0T4,0.0872176472605629,1
21,N100,wnbeg,Bl0T1,-0.717627117942486,1
21,P2,wnbeg,Bl0T1,2.84773329781989,1
21,N350,wnbeg,Bl0T1,-0.858888731258256,1
21,N100,wnbeg,Bl0T2,-1.81522944357333,1
21,P2,wnbeg,Bl0T2,0.369568125522414,1
21,N350,wnbeg,Bl0T2,-1.16819723424783,1
21,N100,wnbeg,Bl0T3,-1.09978416564355,1
21,P2,wnbeg,Bl0T3,0.301762171332226,1
21,N350,wnbeg,Bl0T3,-0.794019209628188,1
21,N100,wnbeg,Bl0T4,-1.4064456372034,1
21,P2,wnbeg,Bl0T4,0.949150874399181,1
21,N350,wnbeg,Bl0T4,-0.807643553517049,1
21,N100,wnmid1,Bl0T1,0.617547180368142,1
21,P2,wnmid1,Bl0T1,4.55892371149226,1
21,N350,wnmid1,Bl0T1,0.234045508711345,1
21,N100,wnmid1,Bl0T2,-1.88184226541357,1
21,P2,wnmid1,Bl0T2,1.24072739608925,1
21,N350,wnmid1,Bl0T2,-0.471863158656792,1
21,N100,wnmid1,Bl0T3,0.132424894076857,1
21,P2,wnmid1,Bl0T3,3.01765094556507,1
21,N350,wnmid1,Bl0T3,0.431978256699883,1
21,N100,wnmid1,Bl0T4,-0.87164847941766,1
21,P2,wnmid1,Bl0T4,1.4412465634171,1
21,N350,wnmid1,Bl0T4,-0.955595257202553,1
21,N100,wnmid2,Bl0T1,0.439982276502997,1
21,P2,wnmid2,Bl0T1,3.08798737242257,1
21,N350,wnmid2,Bl0T1,-0.708568917655132,1
21,N100,wnmid2,Bl0T2,-0.268903033153676,1
21,P2,wnmid2,Bl0T2,2.09705102814407,1
21,N350,wnmid2,Bl0T2,0.154855412390174,1
21,N100,wnmid2,Bl0T3,-0.489193830205951,1
21,P2,wnmid2,Bl0T3,1.87085056393299,1
21,N350,wnmid2,Bl0T3,-0.441864939727062,1
21,N100,wnmid2,Bl0T4,-0.907552865647118,1
21,P2,wnmid2,Bl0T4,1.05960245715158,1
21,N350,wnmid2,Bl0T4,-0.888066854158586,1
21,N100,wnmid3,Bl0T1,-1.23885175533333,1
21,P2,wnmid3,Bl0T1,1.85854377620962,1
21,N350,wnmid3,Bl0T1,-1.70807275150924,1
21,N100,wnmid3,Bl0T2,-0.93330289246731,1
21,P2,wnmid3,Bl0T2,2.18877650232509,1
21,N350,wnmid3,Bl0T2,-0.195558352967681,1
21,N100,wnmid3,Bl0T3,-0.133050963655114,1
21,P2,wnmid3,Bl0T3,2.10420135245334,1
21,N350,wnmid3,Bl0T3,-0.46696984473356,1
21,N100,wnmid3,Bl0T4,-1.61344000874531,1
21,P2,wnmid3,Bl0T4,1.21384225257983,1
21,N350,wnmid3,Bl0T4,-1.21857773581786,1
21,N100,wnend,Bl0T1,-1.09979317264501,1
21,P2,wnend,Bl0T1,2.39426346596244,1
21,N350,wnend,Bl0T1,-0.7387158433192,1
21,N100,wnend,Bl0T2,-0.80763619659945,1
21,P2,wnend,Bl0T2,1.1905288479854,1
21,N350,wnend,Bl0T2,-0.94066254195519,1
21,N100,wnend,Bl0T3,-1.05167770683633,1
21,P2,wnend,Bl0T3,1.19116626763844,1
21,N350,wnend,Bl0T3,-0.731158250049603,1
21,N100,wnend,Bl0T4,-1.11624335400587,1
21,P2,wnend,Bl0T4,-0.467184781820275,1
21,N350,wnend,Bl0T4,-2.64130155551572,1
21,N100,wmbeg,Bl0T1,-1.49457603108493,1
21,P2,wmbeg,Bl0T1,1.46805352272377,1
21,N350,wmbeg,Bl0T1,-1.22880883507785,1
21,N100,wmbeg,Bl0T2,-1.1177152341914,1
21,P2,wmbeg,Bl0T2,0.231323199164729,1
21,N350,wmbeg,Bl0T2,-0.0320975818692945,1
21,N100,wmbeg,Bl0T3,-1.09828512704089,1
21,P2,wmbeg,Bl0T3,0.640036230113002,1
21,N350,wmbeg,Bl0T3,-0.735282488291462,1
21,N100,wmbeg,Bl0T4,-0.857788638043262,1
21,P2,wmbeg,Bl0T4,0.00710251245736366,1
21,N350,wmbeg,Bl0T4,-0.797854242549234,1
21,N100,wmend,Bl0T1,-2.02815183340794,1
21,P2,wmend,Bl0T1,1.2291374427843,1
21,N350,wmend,Bl0T1,-1.62312366893526,1
21,N100,wmend,Bl0T2,-0.996145435439986,1
21,P2,wmend,Bl0T2,1.04922481033691,1
21,N350,wmend,Bl0T2,-0.469426038688005,1
21,N100,wmend,Bl0T3,-0.783970651472377,1
21,P2,wmend,Bl0T3,0.0737787805497646,1
21,N350,wmend,Bl0T3,-0.633330297678016,1
21,N100,wmend,Bl0T4,-0.711522336653503,1
21,P2,wmend,Bl0T4,0.551657322976029,1
21,N350,wmend,Bl0T4,-0.214121584833733,1
23,N100,wnbeg,Bl0T1,-4.34836627092303,1
23,P2,wnbeg,Bl0T1,4.18808633688746,1
23,N350,wnbeg,Bl0T1,-2.60715244741338,1
23,N100,wnbeg,Bl0T2,-2.50100587123916,1
23,P2,wnbeg,Bl0T2,2.28541034587792,1
23,N350,wnbeg,Bl0T2,-1.87271927213629,1
23,N100,wnbeg,Bl0T3,-2.72561626574674,0
23,P2,wnbeg,Bl0T3,1.08180751483454,1
23,N350,wnbeg,Bl0T3,-1.22834178675399,1
23,N100,wnbeg,Bl0T4,-2.5538645937519,1
23,P2,wnbeg,Bl0T4,2.8804056247653,1
23,N350,wnbeg,Bl0T4,-1.84700444590214,1
23,N100,wnmid1,Bl0T1,-5.44078690003265,1
23,P2,wnmid1,Bl0T1,2.95667996934869,1
23,N350,wnmid1,Bl0T1,-3.55367635621435,1
23,N100,wnmid1,Bl0T2,-6.0680190192059,1
23,P2,wnmid1,Bl0T2,2.64551074619427,1
23,N350,wnmid1,Bl0T2,-3.3646751773392,1
23,N100,wnmid1,Bl0T3,-4.75357422283427,1
23,P2,wnmid1,Bl0T3,4.24365184408697,1
23,N350,wnmid1,Bl0T3,-3.70814742879434,1
23,N100,wnmid1,Bl0T4,-3.51782895818945,1
23,P2,wnmid1,Bl0T4,5.43159698364788,1
23,N350,wnmid1,Bl0T4,-2.73635241104798,1
23,N100,wnmid2,Bl0T1,-5.74780033979226,1
23,P2,wnmid2,Bl0T1,2.42712049304762,1
23,N350,wnmid2,Bl0T1,-3.32944975556298,1
23,N100,wnmid2,Bl0T2,-4.24454595348374,1
23,P2,wnmid2,Bl0T2,2.74857752613977,1
23,N350,wnmid2,Bl0T2,-2.55577050590549,1
23,N100,wnmid2,Bl0T3,-1.39313012490218,1
23,P2,wnmid2,Bl0T3,3.3537449831016,1
23,N350,wnmid2,Bl0T3,-1.41057867942886,1
23,N100,wnmid2,Bl0T4,-3.42021141086112,1
23,P2,wnmid2,Bl0T4,-2.30467515987005,1
23,N350,wnmid2,Bl0T4,-1.76491502963684,1
23,N100,wnmid3,Bl0T1,-5.78704618557197,1
23,P2,wnmid3,Bl0T1,3.37104420601958,1
23,N350,wnmid3,Bl0T1,-4.70715183875546,1
23,N100,wnmid3,Bl0T2,-3.18780794597642,1
23,P2,wnmid3,Bl0T2,1.64188277496155,1
23,N350,wnmid3,Bl0T2,-0.526600242111572,1
23,N100,wnmid3,Bl0T3,-3.95736242574315,1
23,P2,wnmid3,Bl0T3,2.78075905024659,1
23,N350,wnmid3,Bl0T3,-3.38043464499114,1
23,N100,wnmid3,Bl0T4,-0.382071989653415,1
23,P2,wnmid3,Bl0T4,1.88871841934011,1
23,N350,wnmid3,Bl0T4,-3.38599688603088,1
23,N100,wnend,Bl0T1,-3.986917096619,1
23,P2,wnend,Bl0T1,4.58509012399956,1
23,N350,wnend,Bl0T1,-1.25060187605924,1
23,N100,wnend,Bl0T2,-2.52062326060947,1
23,P2,wnend,Bl0T2,3.10626337782226,1
23,N350,wnend,Bl0T2,-0.779769807427444,1
23,N100,wnend,Bl0T3,-4.24279403374639,1
23,P2,wnend,Bl0T3,2.44906184309444,1
23,N350,wnend,Bl0T3,-2.6701057325962,1
23,N100,wnend,Bl0T4,-3.4512462232002,1
23,P2,wnend,Bl0T4,0.428853308322818,1
23,N350,wnend,Bl0T4,-3.84200695380569,1
23,N100,wmbeg,Bl0T1,-2.59869698766958,1
23,P2,wmbeg,Bl0T1,0.742407056824727,1
23,N350,wmbeg,Bl0T1,-3.22464387931607,1
23,N100,wmbeg,Bl0T2,-4.54279629601989,1
23,P2,wmbeg,Bl0T2,1.86667416911832,1
23,N350,wmbeg,Bl0T2,-3.46958510698101,1
23,N100,wmbeg,Bl0T3,-2.20944734747437,1
23,P2,wmbeg,Bl0T3,0.243433178275485,1
23,N350,wmbeg,Bl0T3,-2.04293055219406,1
23,N100,wmbeg,Bl0T4,-2.77989658080041,1
23,P2,wmbeg,Bl0T4,0.934765841092237,1
23,N350,wmbeg,Bl0T4,-1.9228589118543,1
23,N100,wmend,Bl0T1,-0.699418926340613,1
23,P2,wmend,Bl0T1,0.969426373189146,1
23,N350,wmend,Bl0T1,-0.660014173794876,1
23,N100,wmend,Bl0T2,-3.46256601703664,1
23,P2,wmend,Bl0T2,1.82613482597698,1
23,N350,wmend,Bl0T2,-2.14970966809326,1
23,N100,wmend,Bl0T3,-2.02358562863347,1
23,P2,wmend,Bl0T3,0.837136351317167,1
23,N350,wmend,Bl0T3,-1.53353289030069,1
23,N100,wmend,Bl0T4,-5.54963211051442,1
23,P2,wmend,Bl0T4,-2.15411273555999,1
23,N350,wmend,Bl0T4,-2.74564936222001,1
24,N100,wnbeg,Bl0T1,-3.61791815378127,1
24,P2,wnbeg,Bl0T1,-0.26130205921474,1
24,N350,wnbeg,Bl0T1,-3.13285325002812,1
24,N100,wnbeg,Bl0T2,-3.94527106576023,1
24,P2,wnbeg,Bl0T2,1.47871245635407,1
24,N350,wnbeg,Bl0T2,-3.14128364499747,1
24,N100,wnbeg,Bl0T3,1.19646354851623,1
24,P2,wnbeg,Bl0T3,-0.0304522547870874,1
24,N350,wnbeg,Bl0T3,-0.922197850900037,1
24,N100,wnbeg,Bl0T4,-0.950324546745638,1
24,P2,wnbeg,Bl0T4,4.23024819784048,1
24,N350,wnbeg,Bl0T4,-0.66419993035677,1
24,N100,wnmid1,Bl0T1,-3.90718014316588,1
24,P2,wnmid1,Bl0T1,-0.707890633121133,1
24,N350,wnmid1,Bl0T1,-4.77578045253347,1
24,N100,wnmid1,Bl0T2,-2.0975724573497,1
24,P2,wnmid1,Bl0T2,-0.202003014887252,1
24,N350,wnmid1,Bl0T2,-2.54244259401429,1
24,N100,wnmid1,Bl0T3,-0.794297759861844,1
24,P2,wnmid1,Bl0T3,2.35083041908901,1
24,N350,wnmid1,Bl0T3,-0.665466015958568,1
24,N100,wnmid1,Bl0T4,-2.38561196232303,1
24,P2,wnmid1,Bl0T4,0.768722260104758,1
24,N350,wnmid1,Bl0T4,-0.755861661879767,1
24,N100,wnmid2,Bl0T1,-1.37647665082699,1
24,P2,wnmid2,Bl0T1,2.25256743606712,1
24,N350,wnmid2,Bl0T1,-2.13133399660389,1
24,N100,wnmid2,Bl0T2,-3.70562981714805,1
24,P2,wnmid2,Bl0T2,-1.39446102810935,1
24,N350,wnmid2,Bl0T2,-1.03793751718033,1
24,N100,wnmid2,Bl0T3,-3.14358139790462,1
24,P2,wnmid2,Bl0T3,0.104558749186496,1
24,N350,wnmid2,Bl0T3,-2.29774514064193,1
24,N100,wnmid2,Bl0T4,-2.61999571260742,1
24,P2,wnmid2,Bl0T4,0.71194123246453,1
24,N350,wnmid2,Bl0T4,-2.25331205424683,1
24,N100,wnmid3,Bl0T1,-2.37299850442728,1
24,P2,wnmid3,Bl0T1,2.10589553524935,1
24,N350,wnmid3,Bl0T1,-1.28623820656781,1
24,N100,wnmid3,Bl0T2,-3.25734719234237,1
24,P2,wnmid3,Bl0T2,-1.08272946778425,1
24,N350,wnmid3,Bl0T2,-2.58559502065182,1
24,N100,wnmid3,Bl0T3,-0.0663061433753302,1
24,P2,wnmid3,Bl0T3,1.50068021357753,1
24,N350,wnmid3,Bl0T3,0.0285597867050836,1
24,N100,wnmid3,Bl0T4,-0.984716554429559,1
24,P2,wnmid3,Bl0T4,1.90933167056314,1
24,N350,wnmid3,Bl0T4,-1.05812138288858,1
24,N100,wnend,Bl0T1,-1.78923877663002,1
24,P2,wnend,Bl0T1,1.5407262361245,1
24,N350,wnend,Bl0T1,-2.58132790450188,1
24,N100,wnend,Bl0T2,-4.30434742247736,1
24,P2,wnend,Bl0T2,1.3575743363113,1
24,N350,wnend,Bl0T2,-1.2682822261207,1
24,N100,wnend,Bl0T3,-2.92480655121498,1
24,P2,wnend,Bl0T3,3.92025952690209,1
24,N350,wnend,Bl0T3,-1.11719525437324,1
24,N100,wnend,Bl0T4,-5.04576028454069,1
24,P2,wnend,Bl0T4,-2.01743022065218,1
24,N350,wnend,Bl0T4,-4.35531162627433,1
24,N100,wmbeg,Bl0T1,-2.22844590115859,1
24,P2,wmbeg,Bl0T1,1.24195778557034,1
24,N350,wmbeg,Bl0T1,-1.6825752082779,1
24,N100,wmbeg,Bl0T2,-0.871798731421315,1
24,P2,wmbeg,Bl0T2,0.0446525899996591,1
24,N350,wmbeg,Bl0T2,-1.47403458485077,1
24,N100,wmbeg,Bl0T3,-1.14932941976225,1
24,P2,wmbeg,Bl0T3,0.542082182344581,1
24,N350,wmbeg,Bl0T3,-1.18126122974569,1
24,N100,wmbeg,Bl0T4,-0.808816000804045,1
24,P2,wmbeg,Bl0T4,0.840786980335103,1
24,N350,wmbeg,Bl0T4,0.212608664433017,1
24,N100,wmend,Bl0T1,-2.47948300088214,1
24,P2,wmend,Bl0T1,0.801254347243974,1
24,N350,wmend,Bl0T1,-2.3347626294161,1
24,N100,wmend,Bl0T2,-2.17996412452988,1
24,P2,wmend,Bl0T2,0.127308870343999,1
24,N350,wmend,Bl0T2,-2.42574247035029,1
24,N100,wmend,Bl0T3,-2.5224575112812,1
24,P2,wmend,Bl0T3,-0.617250589991725,1
24,N350,wmend,Bl0T3,-3.06611856572157,1
24,N100,wmend,Bl0T4,-0.651424140889536,1
24,P2,wmend,Bl0T4,1.05400827857242,1
24,N350,wmend,Bl0T4,-0.252212426142598,1
25,N100,wnbeg,Bl0T1,-4.51301115557205,1
25,P2,wnbeg,Bl0T1,0.712878102168094,1
25,N350,wnbeg,Bl0T1,-4.76194437165463,1
25,N100,wnbeg,Bl0T2,-2.70807458153211,1
25,P2,wnbeg,Bl0T2,-0.0296997815717098,1
25,N350,wnbeg,Bl0T2,-0.70463611601397,1
25,N100,wnbeg,Bl0T3,-3.27242399739145,1
25,P2,wnbeg,Bl0T3,-1.61144062683506,1
25,N350,wnbeg,Bl0T3,-2.3064020234485,1
25,N100,wnbeg,Bl0T4,-3.74125335862817,1
25,P2,wnbeg,Bl0T4,-0.663984252880652,1
25,N350,wnbeg,Bl0T4,-3.76749233262137,1
25,N100,wnmid1,Bl0T1,-4.8093912622468,1
25,P2,wnmid1,Bl0T1,-2.0190969362855,1
25,N350,wnmid1,Bl0T1,-6.70756399407983,1
25,N100,wnmid1,Bl0T2,-2.94134419447404,1
25,P2,wnmid1,Bl0T2,-0.531574343182993,1
25,N350,wnmid1,Bl0T2,-1.52944510077888,1
25,N100,wnmid1,Bl0T3,-2.26990940178194,1
25,P2,wnmid1,Bl0T3,0.430387923968109,1
25,N350,wnmid1,Bl0T3,-1.98172568006399,1
25,N100,wnmid1,Bl0T4,-2.31627916649661,1
25,P2,wnmid1,Bl0T4,0.729903657442297,1
25,N350,wnmid1,Bl0T4,-1.43452059067786,1
25,N100,wnmid2,Bl0T1,-3.22257696201348,1
25,P2,wnmid2,Bl0T1,-0.36810732697433,1
25,N350,wnmid2,Bl0T1,-5.14360360404138,1
25,N100,wnmid2,Bl0T2,-2.77566174650988,1
25,P2,wnmid2,Bl0T2,-1.06411920152605,1
25,N350,wnmid2,Bl0T2,-3.22461126925932,1
25,N100,wnmid2,Bl0T3,-2.7363366834142,1
25,P2,wnmid2,Bl0T3,-0.0211825998161327,1
25,N350,wnmid2,Bl0T3,-1.72979581010613,1
25,N100,wnmid2,Bl0T4,-2.98673581555909,1
25,P2,wnmid2,Bl0T4,-1.70248708881607,1
25,N350,wnmid2,Bl0T4,-1.29110699439083,1
25,N100,wnmid3,Bl0T1,-2.29758097463584,1
25,P2,wnmid3,Bl0T1,0.311707064949653,1
25,N350,wnmid3,Bl0T1,-4.51987918645821,1
25,N100,wnmid3,Bl0T2,-3.39344527996569,1
25,P2,wnmid3,Bl0T2,-0.960459741348909,1
25,N350,wnmid3,Bl0T2,-3.44157756612721,1
25,N100,wnmid3,Bl0T3,-2.34242684292522,1
25,P2,wnmid3,Bl0T3,-0.838813387942289,1
25,N350,wnmid3,Bl0T3,-1.75735145146874,1
25,N100,wnmid3,Bl0T4,-3.6368119886907,1
25,P2,wnmid3,Bl0T4,-0.813749311728911,1
25,N350,wnmid3,Bl0T4,-1.93142284114252,1
25,N100,wnend,Bl0T1,-2.94670335494659,1
25,P2,wnend,Bl0T1,0.668502579019828,1
25,N350,wnend,Bl0T1,-2.17907093580474,1
25,N100,wnend,Bl0T2,-1.03363393997266,1
25,P2,wnend,Bl0T2,-0.206845925646749,1
25,N350,wnend,Bl0T2,-1.69144396741282,1
25,N100,wnend,Bl0T3,-3.46221836118493,1
25,P2,wnend,Bl0T3,-1.67482468901964,1
25,N350,wnend,Bl0T3,-4.77918660661036,1
25,N100,wnend,Bl0T4,-3.93083910271525,1
25,P2,wnend,Bl0T4,-1.93566732271151,1
25,N350,wnend,Bl0T4,-1.44139471429993,1
25,N100,wmbeg,Bl0T1,-3.08634345527998,1
25,P2,wmbeg,Bl0T1,0.0203334272427614,1
25,N350,wmbeg,Bl0T1,-4.07006780564092,1
25,N100,wmbeg,Bl0T2,-1.65740644571393,1
25,P2,wmbeg,Bl0T2,-0.215355736329112,1
25,N350,wmbeg,Bl0T2,-0.565444801713145,1
25,N100,wmbeg,Bl0T3,-2.1264003604304,1
25,P2,wmbeg,Bl0T3,0.0513645269010721,1
25,N350,wmbeg,Bl0T3,-0.308844540978587,1
25,N100,wmbeg,Bl0T4,-2.40979741860268,1
25,P2,wmbeg,Bl0T4,-2.12457854640345,1
25,N350,wmbeg,Bl0T4,-2.99412722262272,1
25,N100,wmend,Bl0T1,-1.82835161145777,1
25,P2,wmend,Bl0T1,0.847452790459449,1
25,N350,wmend,Bl0T1,-3.42122640560635,1
25,N100,wmend,Bl0T2,-2.28525159501217,1
25,P2,wmend,Bl0T2,-0.708985443758799,1
25,N350,wmend,Bl0T2,-1.62477761093866,1
25,N100,wmend,Bl0T3,-1.6887214127547,1
25,P2,wmend,Bl0T3,0.134437814236365,1
25,N350,wmend,Bl0T3,-0.889757475392385,1
25,N100,wmend,Bl0T4,-2.14766706803983,1
25,P2,wmend,Bl0T4,0.0563317158344117,1
25,N350,wmend,Bl0T4,-1.11442924626595,1
26,N100,wnbeg,Bl0T1,-1.31869103434895,1
26,P2,wnbeg,Bl0T1,5.70556886015637,1
26,N350,wnbeg,Bl0T1,-5.26687057426288,1
26,N100,wnbeg,Bl0T2,-0.261115394656857,1
26,P2,wnbeg,Bl0T2,5.46001710201658,1
26,N350,wnbeg,Bl0T2,-3.3150002534723,1
26,N100,wnbeg,Bl0T3,-1.90720488345694,1
26,P2,wnbeg,Bl0T3,4.23041128352994,1
26,N350,wnbeg,Bl0T3,-4.72515105999718,1
26,N100,wnbeg,Bl0T4,-2.36786868475204,1
26,P2,wnbeg,Bl0T4,5.12631482112027,1
26,N350,wnbeg,Bl0T4,-3.99454600420282,1
26,N100,wnmid1,Bl0T1,-1.83793240962333,1
26,P2,wnmid1,Bl0T1,3.52579717208133,1
26,N350,wnmid1,Bl0T1,-7.3019514278617,1
26,N100,wnmid1,Bl0T2,-3.87994078248739,1
26,P2,wnmid1,Bl0T2,5.03740372365679,1
26,N350,wnmid1,Bl0T2,-4.70108534453267,1
26,N100,wnmid1,Bl0T3,-0.326822550282922,1
26,P2,wnmid1,Bl0T3,6.75436331394107,1
26,N350,wnmid1,Bl0T3,-1.96061771606897,1
26,N100,wnmid1,Bl0T4,-1.67195237942717,1
26,P2,wnmid1,Bl0T4,2.50126766430807,1
26,N350,wnmid1,Bl0T4,-2.33994820443067,1
26,N100,wnmid2,Bl0T1,0.382125823705097,1
26,P2,wnmid2,Bl0T1,4.51193050411953,1
26,N350,wnmid2,Bl0T1,-1.85639483806762,1
26,N100,wnmid2,Bl0T2,0.607420020948418,1
26,P2,wnmid2,Bl0T2,6.12889491698959,1
26,N350,wnmid2,Bl0T2,-2.81020781004124,1
26,N100,wnmid2,Bl0T3,0.626193713125857,1
26,P2,wnmid2,Bl0T3,4.06151210673746,1
26,N350,wnmid2,Bl0T3,-0.921329299144616,1
26,N100,wnmid2,Bl0T4,-2.0105248136186,1
26,P2,wnmid2,Bl0T4,3.65857704791219,1
26,N350,wnmid2,Bl0T4,-2.14192719934292,1
26,N100,wnmid3,Bl0T1,-1.41972968110984,1
26,P2,wnmid3,Bl0T1,6.23999486189674,0
26,N350,wnmid3,Bl0T1,-2.96888200962408,1
26,N100,wnmid3,Bl0T2,-1.57291153601625,1
26,P2,wnmid3,Bl0T2,2.22797549410977,1
26,N350,wnmid3,Bl0T2,-3.67666572381912,1
26,N100,wnmid3,Bl0T3,-1.91895410506563,1
26,P2,wnmid3,Bl0T3,4.08078985353085,1
26,N350,wnmid3,Bl0T3,-1.6853635984166,1
26,N100,wnmid3,Bl0T4,-0.407930787915195,1
26,P2,wnmid3,Bl0T4,5.37199213853614,1
26,N350,wnmid3,Bl0T4,-0.115272910313003,1
26,N100,wnend,Bl0T1,-2.61779035033528,1
26,P2,wnend,Bl0T1,2.81293515604596,1
26,N350,wnend,Bl0T1,-4.92306244272825,1
26,N100,wnend,Bl0T2,0.262331935104936,1
26,P2,wnend,Bl0T2,3.30873713410178,1
26,N350,wnend,Bl0T2,-1.68957997924367,1
26,N100,wnend,Bl0T3,-2.24390149631126,1
26,P2,wnend,Bl0T3,1.99653394818306,1
26,N350,wnend,Bl0T3,-3.107196994611,1
26,N100,wnend,Bl0T4,-1.51671482885993,1
26,P2,wnend,Bl0T4,3.87233255252589,1
26,N350,wnend,Bl0T4,-2.25149259594984,1
26,N100,wmbeg,Bl0T1,-4.15050307269458,1
26,P2,wmbeg,Bl0T1,-0.928788801782378,1
26,N350,wmbeg,Bl0T1,-4.65119820709636,1
26,N100,wmbeg,Bl0T2,-2.99162349402904,1
26,P2,wmbeg,Bl0T2,0.34549867244394,1
26,N350,wmbeg,Bl0T2,-1.95278715487829,1
26,N100,wmbeg,Bl0T3,-2.78818251187372,1
26,P2,wmbeg,Bl0T3,0.58310304017261,1
26,N350,wmbeg,Bl0T3,-2.1059946345317,1
26,N100,wmbeg,Bl0T4,-1.95396626260738,1
26,P2,wmbeg,Bl0T4,2.77651134829882,1
26,N350,wmbeg,Bl0T4,-0.662846074409263,1
26,N100,wmend,Bl0T1,-1.43859207248739,1
26,P2,wmend,Bl0T1,1.79128813391382,1
26,N350,wmend,Bl0T1,-3.44083582611585,1
26,N100,wmend,Bl0T2,-2.71685414538634,1
26,P2,wmend,Bl0T2,0.573517958210273,1
26,N350,wmend,Bl0T2,-3.58079288825922,1
26,N100,wmend,Bl0T3,-3.3821295123886,1
26,P2,wmend,Bl0T3,0.0972853491463783,1
26,N350,wmend,Bl0T3,-1.72556919863617,1
26,N100,wmend,Bl0T4,-2.55006010901443,1
26,P2,wmend,Bl0T4,1.57694326597374,1
26,N350,wmend,Bl0T4,-1.65585153255352,1
27,N100,wnbeg,Bl0T1,-0.585043246418151,1
27,P2,wnbeg,Bl0T1,3.22110960192459,1
27,N350,wnbeg,Bl0T1,-1.30499396393465,1
27,N100,wnbeg,Bl0T2,-1.87630951393309,1
27,P2,wnbeg,Bl0T2,0.985751993685614,1
27,N350,wnbeg,Bl0T2,-1.45538979205628,1
27,N100,wnbeg,Bl0T3,-1.31013024672649,1
27,P2,wnbeg,Bl0T3,2.35028486334134,1
27,N350,wnbeg,Bl0T3,-0.922637391021085,1
27,N100,wnbeg,Bl0T4,-0.582676119643242,1
27,P2,wnbeg,Bl0T4,1.00037925768384,1
27,N350,wnbeg,Bl0T4,-1.24122950739639,1
27,N100,wnmid1,Bl0T1,-1.45768685042858,1
27,P2,wnmid1,Bl0T1,2.90774163668975,1
27,N350,wnmid1,Bl0T1,-1.78530050172386,1
27,N100,wnmid1,Bl0T2,-1.73440368196673,1
27,P2,wnmid1,Bl0T2,1.2790315836668,1
27,N350,wnmid1,Bl0T2,0.179929023887962,1
27,N100,wnmid1,Bl0T3,-0.288460905849934,1
27,P2,wnmid1,Bl0T3,0.597062472220172,1
27,N350,wnmid1,Bl0T3,-0.619901669474149,1
27,N100,wnmid1,Bl0T4,-1.7371859933038,1
27,P2,wnmid1,Bl0T4,0.856462849498811,1
27,N350,wnmid1,Bl0T4,-1.65214265480807,1
27,N100,wnmid2,Bl0T1,-0.371305284920064,1
27,P2,wnmid2,Bl0T1,4.15489266394976,1
27,N350,wnmid2,Bl0T1,-1.79856148661876,1
27,N100,wnmid2,Bl0T2,0.903755053424869,1
27,P2,wnmid2,Bl0T2,2.09791982096451,1
27,N350,wnmid2,Bl0T2,0.352892552925782,1
27,N100,wnmid2,Bl0T3,-0.2197745076804,1
27,P2,wnmid2,Bl0T3,2.16358543253419,0
27,N350,wnmid2,Bl0T3,0.970221881483766,1
27,N100,wnmid2,Bl0T4,-0.558471220816401,1
27,P2,wnmid2,Bl0T4,1.80134077927426,1
27,N350,wnmid2,Bl0T4,-0.336714560214684,1
27,N100,wnmid3,Bl0T1,-0.67950073776936,1
27,P2,wnmid3,Bl0T1,3.32136678593762,1
27,N350,wnmid3,Bl0T1,-1.21632925186846,1
27,N100,wnmid3,Bl0T2,-1.12334267629564,1
27,P2,wnmid3,Bl0T2,0.901887263124809,1
27,N350,wnmid3,Bl0T2,-1.75959280011329,1
27,N100,wnmid3,Bl0T3,-0.318669872443107,1
27,P2,wnmid3,Bl0T3,1.78107823044993,1
27,N350,wnmid3,Bl0T3,0.0905411588768898,1
27,N100,wnmid3,Bl0T4,-1.28726183486764,1
27,P2,wnmid3,Bl0T4,0.550139958626294,1
27,N350,wnmid3,Bl0T4,-1.48290289559148,1
27,N100,wnend,Bl0T1,-0.38812661617571,1
27,P2,wnend,Bl0T1,1.55667835826224,1
27,N350,wnend,Bl0T1,-2.56108424344777,1
27,N100,wnend,Bl0T2,-0.447710451111197,1
27,P2,wnend,Bl0T2,1.55308940935541,1
27,N350,wnend,Bl0T2,-0.0915216939015822,1
27,N100,wnend,Bl0T3,-1.4982321315953,1
27,P2,wnend,Bl0T3,0.315504221685908,1
27,N350,wnend,Bl0T3,-2.56705263175748,1
27,N100,wnend,Bl0T4,-2.37945156491478,1
27,P2,wnend,Bl0T4,1.24639314782213,1
27,N350,wnend,Bl0T4,-1.51454975363714,1
27,N100,wmbeg,Bl0T1,-0.672825716678486,1
27,P2,wmbeg,Bl0T1,3.54072937580735,1
27,N350,wmbeg,Bl0T1,-2.26309217103692,1
27,N100,wmbeg,Bl0T2,-1.2514313690516,1
27,P2,wmbeg,Bl0T2,2.06656636673264,1
27,N350,wmbeg,Bl0T2,-1.09622068163441,1
27,N100,wmbeg,Bl0T3,0.200978093083168,1
27,P2,wmbeg,Bl0T3,2.10277935658083,1
27,N350,wmbeg,Bl0T3,-0.329569724873575,1
27,N100,wmbeg,Bl0T4,-1.47657511840974,1
27,P2,wmbeg,Bl0T4,1.9064605321203,1
27,N350,wmbeg,Bl0T4,0.186401592762697,1
27,N100,wmend,Bl0T1,-0.916439776520499,1
27,P2,wmend,Bl0T1,2.91858428810215,1
27,N350,wmend,Bl0T1,-2.02930252150717,1
27,N100,wmend,Bl0T2,-0.461624416858699,1
27,P2,wmend,Bl0T2,1.71238427700221,1
27,N350,wmend,Bl0T2,-0.676146113093604,1
27,N100,wmend,Bl0T3,-2.3212708260864,1
27,P2,wmend,Bl0T3,1.25820057938002,1
27,N350,wmend,Bl0T3,-1.82991532033987,1
27,N100,wmend,Bl0T4,-1.46244902742857,1
27,P2,wmend,Bl0T4,1.7651288760318,1
27,N350,wmend,Bl0T4,-0.943815776070749,1
28,N100,wnbeg,Bl0T1,-3.33305718902239,1
28,P2,wnbeg,Bl0T1,3.23543766364455,1
28,N350,wnbeg,Bl0T1,-3.0010567206976,1
28,N100,wnbeg,Bl0T2,-2.33161571889596,1
28,P2,wnbeg,Bl0T2,1.09230291657583,1
28,N350,wnbeg,Bl0T2,-1.72952034918721,1
28,N100,wnbeg,Bl0T3,-4.23916907695144,1
28,P2,wnbeg,Bl0T3,1.08759190246116,1
28,N350,wnbeg,Bl0T3,-3.05735225330952,1
28,N100,wnbeg,Bl0T4,-4.164433631994,1
28,P2,wnbeg,Bl0T4,1.45479351884231,1
28,N350,wnbeg,Bl0T4,-1.87216477267617,1
28,N100,wnmid1,Bl0T1,-4.57677021131597,1
28,P2,wnmid1,Bl0T1,3.15707592116669,1
28,N350,wnmid1,Bl0T1,-4.31896243406968,1
28,N100,wnmid1,Bl0T2,-3.68683392012661,1
28,P2,wnmid1,Bl0T2,0.541154710194943,1
28,N350,wnmid1,Bl0T2,-2.73909764024006,1
28,N100,wnmid1,Bl0T3,-3.51381678113883,1
28,P2,wnmid1,Bl0T3,0.890957803143696,1
28,N350,wnmid1,Bl0T3,-4.27808459882032,1
28,N100,wnmid1,Bl0T4,-2.29617003338327,1
28,P2,wnmid1,Bl0T4,0.881240269613706,1
28,N350,wnmid1,Bl0T4,-0.442950081418861,1
28,N100,wnmid2,Bl0T1,-3.08826007535893,1
28,P2,wnmid2,Bl0T1,3.4904246036302,1
28,N350,wnmid2,Bl0T1,-3.00419394197154,1
28,N100,wnmid2,Bl0T2,-3.10329656985334,1
28,P2,wnmid2,Bl0T2,1.28105159388347,1
28,N350,wnmid2,Bl0T2,-1.63020473229275,1
28,N100,wnmid2,Bl0T3,-3.03107693892988,1
28,P2,wnmid2,Bl0T3,1.1806729816747,1
28,N350,wnmid2,Bl0T3,-1.94677350477485,1
28,N100,wnmid2,Bl0T4,-4.39576947766949,1
28,P2,wnmid2,Bl0T4,0.168600469641387,1
28,N350,wnmid2,Bl0T4,-2.32995979766446,1
28,N100,wnmid3,Bl0T1,-4.16933277227323,1
28,P2,wnmid3,Bl0T1,3.28689038844102,1
28,N350,wnmid3,Bl0T1,-2.47269472284243,1
28,N100,wnmid3,Bl0T2,-1.04264456843111,1
28,P2,wnmid3,Bl0T2,1.79181137858382,1
28,N350,wnmid3,Bl0T2,-0.859099289283834,1
28,N100,wnmid3,Bl0T3,-0.714943977915259,1
28,P2,wnmid3,Bl0T3,3.96154856273947,1
28,N350,wnmid3,Bl0T3,0.309752965142781,1
28,N100,wnmid3,Bl0T4,-2.13455364977602,1
28,P2,wnmid3,Bl0T4,0.847804728387432,1
28,N350,wnmid3,Bl0T4,-2.69739901714704,1
28,N100,wnend,Bl0T1,-4.01179436363957,1
28,P2,wnend,Bl0T1,2.681591191092,1
28,N350,wnend,Bl0T1,-5.42836319388483,1
28,N100,wnend,Bl0T2,-1.26346765888686,1
28,P2,wnend,Bl0T2,2.49416261160408,1
28,N350,wnend,Bl0T2,-0.77809816246683,1
28,N100,wnend,Bl0T3,-2.58346847206015,1
28,P2,wnend,Bl0T3,3.00459965630011,1
28,N350,wnend,Bl0T3,-1.0499845513566,1
28,N100,wnend,Bl0T4,-2.04776705556803,1
28,P2,wnend,Bl0T4,2.61915064982393,1
28,N350,wnend,Bl0T4,-2.84870817634192,1
28,N100,wmbeg,Bl0T1,-3.1931370664128,1
28,P2,wmbeg,Bl0T1,1.48200129627488,1
28,N350,wmbeg,Bl0T1,-2.33839579070377,1
28,N100,wmbeg,Bl0T2,-0.319081378589536,1
28,P2,wmbeg,Bl0T2,1.06897640221341,1
28,N350,wmbeg,Bl0T2,-1.90004217795335,1
28,N100,wmbeg,Bl0T3,-3.19426026611134,0
28,P2,wmbeg,Bl0T3,-1.11261399341531,1
28,N350,wmbeg,Bl0T3,-3.15012925739378,1
28,N100,wmbeg,Bl0T4,-1.26605359062899,1
28,P2,wmbeg,Bl0T4,2.75556185585122,1
28,N350,wmbeg,Bl0T4,-1.30362890612247,1
28,N100,wmend,Bl0T1,-2.16208516937173,1
28,P2,wmend,Bl0T1,3.8383207547563,1
28,N350,wmend,Bl0T1,-3.8929578744891,1
28,N100,wmend,Bl0T2,-1.24855658005584,1
28,P2,wmend,Bl0T2,1.45217497663742,1
28,N350,wmend,Bl0T2,-2.24804565868425,1
28,N100,wmend,Bl0T3,-0.36087046502666,1
28,P2,wmend,Bl0T3,2.27023405308666,1
28,N350,wmend,Bl0T3,-2.13974419231103,1
28,N100,wmend,Bl0T4,0.592521655489691,1
28,P2,wmend,Bl0T4,1.74097233712673,1
28,N350,wmend,Bl0T4,-0.643484561229971,1
29,N100,wnbeg,Bl0T1,-2.56583782149615,1
29,P2,wnbeg,Bl0T1,-0.480308004941155,1
29,N350,wnbeg,Bl0T1,-6.04564722398432,1
29,N100,wnbeg,Bl0T2,-2.24425083447659,1
29,P2,wnbeg,Bl0T2,-1.67669580966927,1
29,N350,wnbeg,Bl0T2,-2.58700973308364,1
29,N100,wnbeg,Bl0T3,-1.89949586444296,1
29,P2,wnbeg,Bl0T3,-0.887525365185426,1
29,N350,wnbeg,Bl0T3,-3.46578323134156,1
29,N100,wnbeg,Bl0T4,-2.09599664226352,1
29,P2,wnbeg,Bl0T4,-0.598979454174921,1
29,N350,wnbeg,Bl0T4,-1.49972302189895,1
29,N100,wnmid1,Bl0T1,-0.81430293944749,1
29,P2,wnmid1,Bl0T1,-0.604190721650693,1
29,N350,wnmid1,Bl0T1,-4.50726231517778,1
29,N100,wnmid1,Bl0T2,-3.26760279750451,1
29,P2,wnmid1,Bl0T2,-2.85586272187011,1
29,N350,wnmid1,Bl0T2,-2.9623675824901,1
29,N100,wnmid1,Bl0T3,-3.41582011805802,1
29,P2,wnmid1,Bl0T3,-2.84291376161684,1
29,N350,wnmid1,Bl0T3,-3.00378382966468,1
29,N100,wnmid1,Bl0T4,-2.44870176133375,1
29,P2,wnmid1,Bl0T4,-0.469243956140654,1
29,N350,wnmid1,Bl0T4,-2.24429057642471,1
29,N100,wnmid2,Bl0T1,-1.84294422196955,1
29,P2,wnmid2,Bl0T1,-0.796741640601646,1
29,N350,wnmid2,Bl0T1,-5.03083092690953,1
29,N100,wnmid2,Bl0T2,-2.59006476312183,1
29,P2,wnmid2,Bl0T2,-1.78146566561488,1
29,N350,wnmid2,Bl0T2,-3.04310255955991,1
29,N100,wnmid2,Bl0T3,-2.75057892118665,1
29,P2,wnmid2,Bl0T3,-2.06753861944784,1
29,N350,wnmid2,Bl0T3,-3.72481121637604,1
29,N100,wnmid2,Bl0T4,-1.44383250837299,1
29,P2,wnmid2,Bl0T4,-1.36436107740314,1
29,N350,wnmid2,Bl0T4,-2.32971104027873,1
29,N100,wnmid3,Bl0T1,-3.70931040695528,1
29,P2,wnmid3,Bl0T1,-0.690542739120925,1
29,N350,wnmid3,Bl0T1,-5.22502055873231,1
29,N100,wnmid3,Bl0T2,-1.26839943282484,1
29,P2,wnmid3,Bl0T2,-2.10189805468101,1
29,N350,wnmid3,Bl0T2,-3.22241260859938,1
29,N100,wnmid3,Bl0T3,-0.568443718747321,1
29,P2,wnmid3,Bl0T3,-1.39940679484809,1
29,N350,wnmid3,Bl0T3,-1.24061062210239,1
29,N100,wnmid3,Bl0T4,-2.06779752231457,1
29,P2,wnmid3,Bl0T4,-0.569673478133468,1
29,N350,wnmid3,Bl0T4,-3.09004905315285,1
29,N100,wnend,Bl0T1,-1.75664521144195,1
29,P2,wnend,Bl0T1,-0.475362337685444,1
29,N350,wnend,Bl0T1,-4.2179453375326,1
29,N100,wnend,Bl0T2,-2.41497541052205,1
29,P2,wnend,Bl0T2,0.161349157328633,1
29,N350,wnend,Bl0T2,-2.05583326232789,1
29,N100,wnend,Bl0T3,-3.35619253585505,1
29,P2,wnend,Bl0T3,-1.14951533086511,1
29,N350,wnend,Bl0T3,-2.61960981370405,1
29,N100,wnend,Bl0T4,-2.83383422685597,1
29,P2,wnend,Bl0T4,-0.750035390130837,1
29,N350,wnend,Bl0T4,-2.8788166784639,1
29,N100,wmbeg,Bl0T1,-0.852140244692564,1
29,P2,wmbeg,Bl0T1,0.59329570089234,1
29,N350,wmbeg,Bl0T1,-3.02871351918671,1
29,N100,wmbeg,Bl0T2,-0.666578386614962,1
29,P2,wmbeg,Bl0T2,0.364215935966591,1
29,N350,wmbeg,Bl0T2,-1.61594290028258,1
29,N100,wmbeg,Bl0T3,-1.34374562877868,1
29,P2,wmbeg,Bl0T3,-0.650151973570648,1
29,N350,wmbeg,Bl0T3,-2.20666860252815,1
29,N100,wmbeg,Bl0T4,0.285288523412065,1
29,P2,wmbeg,Bl0T4,0.598482063902836,1
29,N350,wmbeg,Bl0T4,-0.666427533436371,1
29,N100,wmend,Bl0T1,-0.096419421373325,1
29,P2,wmend,Bl0T1,1.82709602609623,1
29,N350,wmend,Bl0T1,-1.80041118000829,1
29,N100,wmend,Bl0T2,-1.39821670791784,1
29,P2,wmend,Bl0T2,-0.75960322042364,1
29,N350,wmend,Bl0T2,-1.24210698329519,1
29,N100,wmend,Bl0T3,-0.497073610274251,1
29,P2,wmend,Bl0T3,-2.07022135462179,1
29,N350,wmend,Bl0T3,-1.55663785942895,1
29,N100,wmend,Bl0T4,-0.0210844015312749,1
29,P2,wmend,Bl0T4,0.913758882743761,1
29,N350,wmend,Bl0T4,-1.62078042235009,1
30,N100,wnbeg,Bl0T1,-4.02713476883811,1
30,P2,wnbeg,Bl0T1,4.41495279853427,1
30,N350,wnbeg,Bl0T1,-5.09754538141018,1
30,N100,wnbeg,Bl0T2,-2.46558658288315,1
30,P2,wnbeg,Bl0T2,2.03556183625099,1
30,N350,wnbeg,Bl0T2,0.320225072868688,1
30,N100,wnbeg,Bl0T3,-2.13968998749069,1
30,P2,wnbeg,Bl0T3,1.52243463121528,1
30,N350,wnbeg,Bl0T3,-1.23747530422,1
30,N100,wnbeg,Bl0T4,-3.12741888486889,1
30,P2,wnbeg,Bl0T4,2.09514931059161,1
30,N350,wnbeg,Bl0T4,-2.07541004287642,1
30,N100,wnmid1,Bl0T1,-0.888569242574952,1
30,P2,wnmid1,Bl0T1,5.13638676645404,1
30,N350,wnmid1,Bl0T1,-3.23384593720918,1
30,N100,wnmid1,Bl0T2,-1.55851922077127,1
30,P2,wnmid1,Bl0T2,1.22228873011825,1
30,N350,wnmid1,Bl0T2,0.786505324359645,1
30,N100,wnmid1,Bl0T3,-2.55419890067794,1
30,P2,wnmid1,Bl0T3,-2.14306196367199,1
30,N350,wnmid1,Bl0T3,-1.94838970741257,1
30,N100,wnmid1,Bl0T4,-2.57903473695571,1
30,P2,wnmid1,Bl0T4,0.997862511686981,1
30,N350,wnmid1,Bl0T4,-1.82307169032706,1
30,N100,wnmid2,Bl0T1,-2.62170113155788,1
30,P2,wnmid2,Bl0T1,5.98530136390208,1
30,N350,wnmid2,Bl0T1,-4.33367051861503,1
30,N100,wnmid2,Bl0T2,-2.70602111318149,1
30,P2,wnmid2,Bl0T2,1.5702089808204,1
30,N350,wnmid2,Bl0T2,0.630713193232871,1
30,N100,wnmid2,Bl0T3,-4.48117853697728,1
30,P2,wnmid2,Bl0T3,-1.39964569920505,1
30,N350,wnmid2,Bl0T3,-3.18246372442015,1
30,N100,wnmid2,Bl0T4,-1.54213647518561,1
30,P2,wnmid2,Bl0T4,-0.0122786972290752,1
30,N350,wnmid2,Bl0T4,-1.85825685797767,1
30,N100,wnmid3,Bl0T1,-2.86739622552625,1
30,P2,wnmid3,Bl0T1,2.58044561159543,1
30,N350,wnmid3,Bl0T1,-4.4727923727171,1
30,N100,wnmid3,Bl0T2,-0.519667159461162,1
30,P2,wnmid3,Bl0T2,3.91898235729472,1
30,N350,wnmid3,Bl0T2,1.68148429502246,1
30,N100,wnmid3,Bl0T3,-3.40384274690666,1
30,P2,wnmid3,Bl0T3,1.01462423439265,1
30,N350,wnmid3,Bl0T3,-1.38887182666327,1
30,N100,wnmid3,Bl0T4,-4.96199526142922,1
30,P2,wnmid3,Bl0T4,0.69202720827042,1
30,N350,wnmid3,Bl0T4,-2.0528560732703,1
30,N100,wnend,Bl0T1,-1.00133839737364,1
30,P2,wnend,Bl0T1,4.55074306444027,1
30,N350,wnend,Bl0T1,-2.45357627477064,1
30,N100,wnend,Bl0T2,-2.69800755618963,1
30,P2,wnend,Bl0T2,1.61648651436838,1
30,N350,wnend,Bl0T2,-0.613635417472485,1
30,N100,wnend,Bl0T3,-3.56722213299945,1
30,P2,wnend,Bl0T3,0.0610116830603643,1
30,N350,wnend,Bl0T3,-1.56421920554501,1
30,N100,wnend,Bl0T4,-1.81649214304634,1
30,P2,wnend,Bl0T4,2.24132880068553,1
30,N350,wnend,Bl0T4,-2.65065433589572,1
30,N100,wmbeg,Bl0T1,-2.05575059411484,1
30,P2,wmbeg,Bl0T1,1.61939440879207,1
30,N350,wmbeg,Bl0T1,-2.73844753907517,1
30,N100,wmbeg,Bl0T2,-2.40170564562256,1
30,P2,wmbeg,Bl0T2,0.940455098008347,1
30,N350,wmbeg,Bl0T2,-1.88558250494128,1
30,N100,wmbeg,Bl0T3,-3.17682053751153,0
30,P2,wmbeg,Bl0T3,0.026648224017969,1
30,N350,wmbeg,Bl0T3,-2.16260037006038,1
30,N100,wmbeg,Bl0T4,-0.843816836498851,1
30,P2,wmbeg,Bl0T4,1.30515430487346,1
30,N350,wmbeg,Bl0T4,-0.549618336904881,1
30,N100,wmend,Bl0T1,-2.93306957786924,1
30,P2,wmend,Bl0T1,2.30518235053274,1
30,N350,wmend,Bl0T1,-3.93651761069301,1
30,N100,wmend,Bl0T2,-2.56198186081919,1
30,P2,wmend,Bl0T2,2.16540777999908,1
30,N350,wmend,Bl0T2,-1.15369877033359,1
30,N100,wmend,Bl0T3,-3.57481261164966,1
30,P2,wmend,Bl0T3,1.8583542554216,1
30,N350,wmend,Bl0T3,-2.21644484659826,1
30,N100,wmend,Bl0T4,-1.99778517501598,1
30,P2,wmend,Bl0T4,1.48304576895792,1
30,N350,wmend,Bl0T4,-2.27473764385689,1
31,N100,wnbeg,Bl0T1,-2.94170861997923,1
31,P2,wnbeg,Bl0T1,2.42597192000858,1
31,N350,wnbeg,Bl0T1,-3.79215424237556,1
31,N100,wnbeg,Bl0T2,-1.97607179832493,1
31,P2,wnbeg,Bl0T2,-0.465371640910243,1
31,N350,wnbeg,Bl0T2,-1.18216256260179,1
31,N100,wnbeg,Bl0T3,-4.10038166672078,1
31,P2,wnbeg,Bl0T3,-1.41483385337647,1
31,N350,wnbeg,Bl0T3,-3.3719744104957,1
31,N100,wnbeg,Bl0T4,-2.66983679165674,1
31,P2,wnbeg,Bl0T4,-0.831845211328635,1
31,N350,wnbeg,Bl0T4,-0.726593689405736,1
31,N100,wnmid1,Bl0T1,-2.66004164449193,1
31,P2,wnmid1,Bl0T1,1.262393785539,1
31,N350,wnmid1,Bl0T1,-3.33172014501284,1
31,N100,wnmid1,Bl0T2,-1.92138096283783,1
31,P2,wnmid1,Bl0T2,-0.634979591620239,1
31,N350,wnmid1,Bl0T2,-0.974032043767246,1
31,N100,wnmid1,Bl0T3,-2.74693231024714,1
31,P2,wnmid1,Bl0T3,-0.928252696475491,1
31,N350,wnmid1,Bl0T3,-1.93988642790463,1
31,N100,wnmid1,Bl0T4,-1.25624735545769,1
31,P2,wnmid1,Bl0T4,0.853162969809703,1
31,N350,wnmid1,Bl0T4,-1.35985120426525,1
31,N100,wnmid2,Bl0T1,-2.68840340724723,1
31,P2,wnmid2,Bl0T1,0.437259570898657,1
31,N350,wnmid2,Bl0T1,-4.60564662204547,1
31,N100,wnmid2,Bl0T2,-3.86307445869527,1
31,P2,wnmid2,Bl0T2,-0.810011223297227,1
31,N350,wnmid2,Bl0T2,-2.32596223356033,1
31,N100,wnmid2,Bl0T3,-2.44270003727553,1
31,P2,wnmid2,Bl0T3,-0.933066657287153,1
31,N350,wnmid2,Bl0T3,-2.54796729598364,1
31,N100,wnmid2,Bl0T4,-2.53302081964741,1
31,P2,wnmid2,Bl0T4,-0.44181759300303,1
31,N350,wnmid2,Bl0T4,-1.69850697086447,1
31,N100,wnmid3,Bl0T1,-2.07687943484211,1
31,P2,wnmid3,Bl0T1,1.45882710205095,1
31,N350,wnmid3,Bl0T1,-4.23579293026547,1
31,N100,wnmid3,Bl0T2,-2.05109774853283,1
31,P2,wnmid3,Bl0T2,-0.839686448781074,1
31,N350,wnmid3,Bl0T2,-3.13496599935672,1
31,N100,wnmid3,Bl0T3,-1.74881739209999,1
31,P2,wnmid3,Bl0T3,-0.608424493971027,1
31,N350,wnmid3,Bl0T3,0.224240374785255,1
31,N100,wnmid3,Bl0T4,-1.7437932309811,1
31,P2,wnmid3,Bl0T4,0.920503511449153,1
31,N350,wnmid3,Bl0T4,0.299778773478994,1
31,N100,wnend,Bl0T1,-1.11257411428643,1
31,P2,wnend,Bl0T1,1.50737287174402,1
31,N350,wnend,Bl0T1,-2.22491181437349,1
31,N100,wnend,Bl0T2,-1.55568997800177,1
31,P2,wnend,Bl0T2,0.23742065126033,1
31,N350,wnend,Bl0T2,-1.0230551272804,1
31,N100,wnend,Bl0T3,-2.99637604228814,1
31,P2,wnend,Bl0T3,-1.6487487456338,1
31,N350,wnend,Bl0T3,-2.29876917902042,1
31,N100,wnend,Bl0T4,-2.02390879383734,1
31,P2,wnend,Bl0T4,-0.541449553841217,1
31,N350,wnend,Bl0T4,-1.31874073682861,1
31,N100,wmbeg,Bl0T1,-1.31664925256655,1
31,P2,wmbeg,Bl0T1,1.45192605462812,1
31,N350,wmbeg,Bl0T1,-1.64692320305677,1
31,N100,wmbeg,Bl0T2,-1.50281144769559,1
31,P2,wmbeg,Bl0T2,0.481893926978025,1
31,N350,wmbeg,Bl0T2,-0.866633786694255,1
31,N100,wmbeg,Bl0T3,-0.718610085754893,1
31,P2,wmbeg,Bl0T3,0.532920813456524,1
31,N350,wmbeg,Bl0T3,-1.43223294442476,1
31,N100,wmbeg,Bl0T4,-1.42076501154969,1
31,P2,wmbeg,Bl0T4,0.685940911682583,1
31,N350,wmbeg,Bl0T4,-1.24512082433631,1
31,N100,wmend,Bl0T1,-1.25522645441134,1
31,P2,wmend,Bl0T1,1.59634728896312,1
31,N350,wmend,Bl0T1,-1.46521011882166,1
31,N100,wmend,Bl0T2,-2.1757972290133,1
31,P2,wmend,Bl0T2,0.155523045049157,1
31,N350,wmend,Bl0T2,-2.14146764749704,1
31,N100,wmend,Bl0T3,-0.715019959775822,1
31,P2,wmend,Bl0T3,1.02515853701114,1
31,N350,wmend,Bl0T3,0.0207179137119433,1
31,N100,wmend,Bl0T4,-2.94221896683661,1
31,P2,wmend,Bl0T4,-0.354676513737295,1
31,N350,wmend,Bl0T4,-1.67802654594728,1
32,N100,wnbeg,Bl0T1,-2.35934387539015,1
32,P2,wnbeg,Bl0T1,5.38538935465175,1
32,N350,wnbeg,Bl0T1,-2.16183240635992,1
32,N100,wnbeg,Bl0T2,-5.18505892915608,1
32,P2,wnbeg,Bl0T2,-0.22153180584658,1
32,N350,wnbeg,Bl0T2,-3.08936138330352,1
32,N100,wnbeg,Bl0T3,-4.46166299070631,1
32,P2,wnbeg,Bl0T3,0.280624360662131,1
32,N350,wnbeg,Bl0T3,-0.564790762872214,1
32,N100,wnbeg,Bl0T4,-4.79276053522779,1
32,P2,wnbeg,Bl0T4,1.11993694693543,1
32,N350,wnbeg,Bl0T4,-2.92449989124786,1
32,N100,wnmid1,Bl0T1,-3.14571021788342,1
32,P2,wnmid1,Bl0T1,3.64647930805073,1
32,N350,wnmid1,Bl0T1,-1.65567596078266,1
32,N100,wnmid1,Bl0T2,-3.88369718346406,1
32,P2,wnmid1,Bl0T2,0.585965595953166,1
32,N350,wnmid1,Bl0T2,-1.46664624441076,1
32,N100,wnmid1,Bl0T3,-7.2051604297272,1
32,P2,wnmid1,Bl0T3,-0.0419863037245218,1
32,N350,wnmid1,Bl0T3,-2.78045742237984,1
32,N100,wnmid1,Bl0T4,-3.42015577909492,1
32,P2,wnmid1,Bl0T4,1.43439653168122,1
32,N350,wnmid1,Bl0T4,-0.533335335854264,1
32,N100,wnmid2,Bl0T1,-3.47210676420567,1
32,P2,wnmid2,Bl0T1,2.95747416781283,1
32,N350,wnmid2,Bl0T1,-2.46547537858403,1
32,N100,wnmid2,Bl0T2,-1.15388129144197,1
32,P2,wnmid2,Bl0T2,2.69941057193847,1
32,N350,wnmid2,Bl0T2,-0.445874561866124,1
32,N100,wnmid2,Bl0T3,-4.42156066468784,1
32,P2,wnmid2,Bl0T3,-0.03179631176449,1
32,N350,wnmid2,Bl0T3,-2.0985325152764,1
32,N100,wnmid2,Bl0T4,-3.6101584972164,1
32,P2,wnmid2,Bl0T4,1.1827415460764,1
32,N350,wnmid2,Bl0T4,-1.2370314409848,1
32,N100,wnmid3,Bl0T1,-1.56458339095116,1
32,P2,wnmid3,Bl0T1,3.5665873401375,1
32,N350,wnmid3,Bl0T1,-1.0380986682224,1
32,N100,wnmid3,Bl0T2,-3.43778167708184,1
32,P2,wnmid3,Bl0T2,0.54622631494104,1
32,N350,wnmid3,Bl0T2,-1.34436221102845,1
32,N100,wnmid3,Bl0T3,-1.94720672956386,1
32,P2,wnmid3,Bl0T3,1.65151490042376,1
32,N350,wnmid3,Bl0T3,-0.109750520056763,1
32,N100,wnmid3,Bl0T4,-1.05979325058447,1
32,P2,wnmid3,Bl0T4,2.66558944456787,1
32,N350,wnmid3,Bl0T4,0.468041295964609,1
32,N100,wnend,Bl0T1,-4.63213340741848,1
32,P2,wnend,Bl0T1,4.5076666493501,1
32,N350,wnend,Bl0T1,-3.29162780897958,1
32,N100,wnend,Bl0T2,-3.79870886312036,1
32,P2,wnend,Bl0T2,2.31411833559925,1
32,N350,wnend,Bl0T2,0.483229023506018,1
32,N100,wnend,Bl0T3,-2.31864467199978,1
32,P2,wnend,Bl0T3,1.3846158622829,1
32,N350,wnend,Bl0T3,-1.48336199211866,1
32,N100,wnend,Bl0T4,-2.66759167117151,1
32,P2,wnend,Bl0T4,2.10680869203908,1
32,N350,wnend,Bl0T4,-2.20257893895561,1
32,N100,wmbeg,Bl0T1,-1.48625004829041,1
32,P2,wmbeg,Bl0T1,2.16348835972714,1
32,N350,wmbeg,Bl0T1,-2.2984985183747,1
32,N100,wmbeg,Bl0T2,-2.81404676112096,1
32,P2,wmbeg,Bl0T2,0.549222117953184,1
32,N350,wmbeg,Bl0T2,-1.34657844832031,1
32,N100,wmbeg,Bl0T3,-2.60901054360492,1
32,P2,wmbeg,Bl0T3,0.454471542816176,1
32,N350,wmbeg,Bl0T3,0.504617433656592,1
32,N100,wmbeg,Bl0T4,-2.53970995602154,1
32,P2,wmbeg,Bl0T4,-0.0658304325615366,1
32,N350,wmbeg,Bl0T4,-1.56727573263148,1
32,N100,wmend,Bl0T1,-3.45687324181569,1
32,P2,wmend,Bl0T1,-0.696595358103514,1
32,N350,wmend,Bl0T1,-3.32123099443587,1
32,N100,wmend,Bl0T2,-2.85997448482572,1
32,P2,wmend,Bl0T2,-0.952024264475547,1
32,N350,wmend,Bl0T2,-2.51981399954232,1
32,N100,wmend,Bl0T3,-1.86352553679184,1
32,P2,wmend,Bl0T3,1.14411406317218,1
32,N350,wmend,Bl0T3,-0.91184436889704,1
32,N100,wmend,Bl0T4,-1.8408686674327,1
32,P2,wmend,Bl0T4,1.52278406285384,1
32,N350,wmend,Bl0T4,-0.62018377601423,1
33,N100,wnbeg,Bl0T1,-1.6946486339387,1
33,P2,wnbeg,Bl0T1,2.77999051308466,1
33,N350,wnbeg,Bl0T1,-3.52019259425708,1
33,N100,wnbeg,Bl0T2,-0.618524700677709,1
33,P2,wnbeg,Bl0T2,1.28156127834104,1
33,N350,wnbeg,Bl0T2,0.31206738412515,1
33,N100,wnbeg,Bl0T3,-1.99944048518451,1
33,P2,wnbeg,Bl0T3,-0.41944172608598,1
33,N350,wnbeg,Bl0T3,-1.73173248529798,1
33,N100,wnbeg,Bl0T4,-0.815812894816582,1
33,P2,wnbeg,Bl0T4,0.50745340417593,1
33,N350,wnbeg,Bl0T4,-1.80357539477066,1
33,N100,wnmid1,Bl0T1,-1.25321066397719,1
33,P2,wnmid1,Bl0T1,2.95392984397391,1
33,N350,wnmid1,Bl0T1,-2.92252957313889,1
33,N100,wnmid1,Bl0T2,-1.19931102693514,1
33,P2,wnmid1,Bl0T2,0.52602804719882,1
33,N350,wnmid1,Bl0T2,-0.434292864933783,1
33,N100,wnmid1,Bl0T3,-1.46250246543099,1
33,P2,wnmid1,Bl0T3,-0.641119512257336,1
33,N350,wnmid1,Bl0T3,-3.07713779106906,1
33,N100,wnmid1,Bl0T4,-1.63507241486776,1
33,P2,wnmid1,Bl0T4,-0.846536378380729,1
33,N350,wnmid1,Bl0T4,-1.82244955446662,1
33,N100,wnmid2,Bl0T1,-2.54067371519992,1
33,P2,wnmid2,Bl0T1,1.36079677471315,1
33,N350,wnmid2,Bl0T1,-5.32623761700732,1
33,N100,wnmid2,Bl0T2,-2.11824815781521,1
33,P2,wnmid2,Bl0T2,-0.958745279101588,1
33,N350,wnmid2,Bl0T2,-2.45965768332105,1
33,N100,wnmid2,Bl0T3,-1.10583985026377,1
33,P2,wnmid2,Bl0T3,1.18352781648615,1
33,N350,wnmid2,Bl0T3,-0.860662522734631,1
33,N100,wnmid2,Bl0T4,-0.680374708007544,1
33,P2,wnmid2,Bl0T4,1.23404448305567,1
33,N350,wnmid2,Bl0T4,-1.21951844100005,1
33,N100,wnmid3,Bl0T1,-1.19888732833788,1
33,P2,wnmid3,Bl0T1,2.75812222658657,1
33,N350,wnmid3,Bl0T1,-3.52269779459573,1
33,N100,wnmid3,Bl0T2,-1.6330583082663,1
33,P2,wnmid3,Bl0T2,0.273402107924827,1
33,N350,wnmid3,Bl0T2,-3.06767853430497,1
33,N100,wnmid3,Bl0T3,0.170750665087253,1
33,P2,wnmid3,Bl0T3,0.553197889039293,1
33,N350,wnmid3,Bl0T3,-1.29604620534927,1
33,N100,wnmid3,Bl0T4,-0.319874907912392,1
33,P2,wnmid3,Bl0T4,1.6368914391098,1
33,N350,wnmid3,Bl0T4,-0.478730532732841,1
33,N100,wnend,Bl0T1,-1.53410827997658,1
33,P2,wnend,Bl0T1,4.37387423247306,1
33,N350,wnend,Bl0T1,-2.68913089866853,1
33,N100,wnend,Bl0T2,-0.39381765396007,1
33,P2,wnend,Bl0T2,2.66851489576889,1
33,N350,wnend,Bl0T2,-1.74300900265272,1
33,N100,wnend,Bl0T3,-0.616825174069142,1
33,P2,wnend,Bl0T3,1.90669257460326,1
33,N350,wnend,Bl0T3,0.40273645581568,1
33,N100,wnend,Bl0T4,-1.16237519203633,1
33,P2,wnend,Bl0T4,0.231050266998096,1
33,N350,wnend,Bl0T4,-2.7497887022444,1
33,N100,wmbeg,Bl0T1,-1.16815121138338,1
33,P2,wmbeg,Bl0T1,0.262759562941311,1
33,N350,wmbeg,Bl0T1,-1.96816941057873,1
33,N100,wmbeg,Bl0T2,0.0746264449542477,1
33,P2,wmbeg,Bl0T2,1.03095412453016,1
33,N350,wmbeg,Bl0T2,-0.938951469478863,1
33,N100,wmbeg,Bl0T3,0.122157029409048,1
33,P2,wmbeg,Bl0T3,-0.512021655589342,1
33,N350,wmbeg,Bl0T3,-2.50118563338075,1
33,N100,wmbeg,Bl0T4,-0.403837489735867,1
33,P2,wmbeg,Bl0T4,-0.171492143891131,1
33,N350,wmbeg,Bl0T4,-0.886033473372776,1
33,N100,wmend,Bl0T1,-1.32061218353496,1
33,P2,wmend,Bl0T1,0.644170649480921,1
33,N350,wmend,Bl0T1,-3.24894770940935,1
33,N100,wmend,Bl0T2,-0.587902022779665,1
33,P2,wmend,Bl0T2,2.1207846200263,1
33,N350,wmend,Bl0T2,-1.07749596371908,1
33,N100,wmend,Bl0T3,0.361873838550216,1
33,P2,wmend,Bl0T3,1.93310353940916,1
33,N350,wmend,Bl0T3,-0.215668840255848,1
33,N100,wmend,Bl0T4,-1.53097340274941,1
33,P2,wmend,Bl0T4,0.437508498296269,1
33,N350,wmend,Bl0T4,-1.88236991424452,1
34,N100,wnbeg,Bl0T1,-5.36982914954424,1
34,P2,wnbeg,Bl0T1,-0.590945540957673,1
34,N350,wnbeg,Bl0T1,-3.51465232824517,1
34,N100,wnbeg,Bl0T2,-2.93852642266795,1
34,P2,wnbeg,Bl0T2,1.58734831501578,1
34,N350,wnbeg,Bl0T2,-3.07466518407644,1
34,N100,wnbeg,Bl0T3,1.32554322052314,1
34,P2,wnbeg,Bl0T3,4.0225423218899,1
34,N350,wnbeg,Bl0T3,-1.13733326810044,1
34,N100,wnbeg,Bl0T4,-4.80438755324414,1
34,P2,wnbeg,Bl0T4,0.81551556049218,1
34,N350,wnbeg,Bl0T4,-3.0496814653272,1
34,N100,wnmid1,Bl0T1,-4.11979231519455,1
34,P2,wnmid1,Bl0T1,2.40264314211566,1
34,N350,wnmid1,Bl0T1,-4.1437202157114,1
34,N100,wnmid1,Bl0T2,-3.07454337796027,1
34,P2,wnmid1,Bl0T2,0.162453132575717,1
34,N350,wnmid1,Bl0T2,-2.48808187341148,1
34,N100,wnmid1,Bl0T3,-3.9316150983478,1
34,P2,wnmid1,Bl0T3,-0.0928047177974473,1
34,N350,wnmid1,Bl0T3,-3.84605438719419,1
34,N100,wnmid1,Bl0T4,-3.39410086770288,1
34,P2,wnmid1,Bl0T4,2.00214505215937,1
34,N350,wnmid1,Bl0T4,-3.51839373460547,1
34,N100,wnmid2,Bl0T1,-3.3187429298376,1
34,P2,wnmid2,Bl0T1,5.30076386479791,1
34,N350,wnmid2,Bl0T1,-1.53426940053008,1
34,N100,wnmid2,Bl0T2,0.156542032686147,1
34,P2,wnmid2,Bl0T2,3.12443873929706,1
34,N350,wnmid2,Bl0T2,-5.47251453599469,1
34,N100,wnmid2,Bl0T3,-8.32557443671606,1
34,P2,wnmid2,Bl0T3,-0.250764330984517,1
34,N350,wnmid2,Bl0T3,-5.99480827830055,1
34,N100,wnmid2,Bl0T4,-0.744140033152971,1
34,P2,wnmid2,Bl0T4,-0.720394784483043,1
34,N350,wnmid2,Bl0T4,-3.6835885385898,1
34,N100,wnmid3,Bl0T1,-4.08777370981195,1
34,P2,wnmid3,Bl0T1,2.73798864852976,1
34,N350,wnmid3,Bl0T1,-3.84607651882001,1
34,N100,wnmid3,Bl0T2,0.0943742490458217,1
34,P2,wnmid3,Bl0T2,3.50186533877965,1
34,N350,wnmid3,Bl0T2,-0.720651006529277,1
34,N100,wnmid3,Bl0T3,-5.99698451980948,1
34,P2,wnmid3,Bl0T3,-1.29339163449,1
34,N350,wnmid3,Bl0T3,-3.4811489130963,1
34,N100,wnmid3,Bl0T4,-2.42413288876414,0
34,P2,wnmid3,Bl0T4,3.95329933567819,1
34,N350,wnmid3,Bl0T4,-2.13156215763566,1
34,N100,wnend,Bl0T1,-3.99137201527523,1
34,P2,wnend,Bl0T1,4.72372602976339,1
34,N350,wnend,Bl0T1,-2.56096625750841,1
34,N100,wnend,Bl0T2,-4.03751803981987,1
34,P2,wnend,Bl0T2,0.773785009988668,1
34,N350,wnend,Bl0T2,-2.31998731388964,1
34,N100,wnend,Bl0T3,-5.44451878174123,1
34,P2,wnend,Bl0T3,-0.0307141365314072,1
34,N350,wnend,Bl0T3,-3.95633674485778,1
34,N100,wnend,Bl0T4,-0.522930775750005,1
34,P2,wnend,Bl0T4,3.36988512859256,1
34,N350,wnend,Bl0T4,-1.97129077882591,1
34,N100,wmbeg,Bl0T1,-0.169785796599679,1
34,P2,wmbeg,Bl0T1,4.15634191311723,1
34,N350,wmbeg,Bl0T1,0.242165523819452,1
34,N100,wmbeg,Bl0T2,-2.09442110853491,1
34,P2,wmbeg,Bl0T2,0.652922415343069,1
34,N350,wmbeg,Bl0T2,-2.53204829014306,1
34,N100,wmbeg,Bl0T3,-0.709911604220221,1
34,P2,wmbeg,Bl0T3,2.54139220757886,1
34,N350,wmbeg,Bl0T3,0.25550060970059,1
34,N100,wmbeg,Bl0T4,-2.9795303743246,1
34,P2,wmbeg,Bl0T4,1.47436218110974,1
34,N350,wmbeg,Bl0T4,-1.52459947892226,1
34,N100,wmend,Bl0T1,-2.60939286876131,1
34,P2,wmend,Bl0T1,2.39511139245111,1
34,N350,wmend,Bl0T1,-2.78151781547137,1
34,N100,wmend,Bl0T2,-1.58248548622307,1
34,P2,wmend,Bl0T2,1.49861072640527,1
34,N350,wmend,Bl0T2,-0.74220831963149,1
34,N100,wmend,Bl0T3,-0.787350348213857,1
34,P2,wmend,Bl0T3,1.0273829836229,1
34,N350,wmend,Bl0T3,-0.993410778579048,1
34,N100,wmend,Bl0T4,-2.43101451735605,1
34,P2,wmend,Bl0T4,0.7223435070535,1
34,N350,wmend,Bl0T4,-3.17568160498684,1
35,N100,wnbeg,Bl0T1,-1.15413164166777,1
35,P2,wnbeg,Bl0T1,1.95382275319723,1
35,N350,wnbeg,Bl0T1,-3.23547536536705,1
35,N100,wnbeg,Bl0T2,-1.93320066274988,0
35,P2,wnbeg,Bl0T2,1.78662387075033,1
35,N350,wnbeg,Bl0T2,1.33388238452202,1
35,N100,wnbeg,Bl0T3,-1.30960285030305,1
35,P2,wnbeg,Bl0T3,0.499008773928941,1
35,N350,wnbeg,Bl0T3,-0.502195578397706,1
35,N100,wnbeg,Bl0T4,-2.73572008034518,1
35,P2,wnbeg,Bl0T4,-0.0789200642774271,1
35,N350,wnbeg,Bl0T4,-2.01140837411201,1
35,N100,wnmid1,Bl0T1,-4.10234697095372,1
35,P2,wnmid1,Bl0T1,1.87493391507517,1
35,N350,wnmid1,Bl0T1,-4.04393900057978,1
35,N100,wnmid1,Bl0T2,-1.34781015750974,1
35,P2,wnmid1,Bl0T2,0.50316794944364,1
35,N350,wnmid1,Bl0T2,0.666682816028248,1
35,N100,wnmid1,Bl0T3,-1.59889469862154,1
35,P2,wnmid1,Bl0T3,-2.95563659529117,1
35,N350,wnmid1,Bl0T3,-2.11194272387603,1
35,N100,wnmid1,Bl0T4,-3.20238565430045,1
35,P2,wnmid1,Bl0T4,-0.665730459208405,1
35,N350,wnmid1,Bl0T4,-2.49878415624763,1
35,N100,wnmid2,Bl0T1,-1.07119366693977,1
35,P2,wnmid2,Bl0T1,0.557804303514686,1
35,N350,wnmid2,Bl0T1,-3.67222612948072,1
35,N100,wnmid2,Bl0T2,-3.23216208849441,1
35,P2,wnmid2,Bl0T2,0.173038947649977,1
35,N350,wnmid2,Bl0T2,-0.602270137222844,1
35,N100,wnmid2,Bl0T3,-0.610707082277672,1
35,P2,wnmid2,Bl0T3,-0.140254921516912,1
35,N350,wnmid2,Bl0T3,-0.78717934595929,1
35,N100,wnmid2,Bl0T4,-2.41346163549136,1
35,P2,wnmid2,Bl0T4,-0.894441337835823,1
35,N350,wnmid2,Bl0T4,-2.65613063300072,1
35,N100,wnmid3,Bl0T1,-1.87070427114187,1
35,P2,wnmid3,Bl0T1,1.70797836562229,1
35,N350,wnmid3,Bl0T1,-2.30456639305353,1
35,N100,wnmid3,Bl0T2,0.60743848756379,1
35,P2,wnmid3,Bl0T2,0.512808865189171,1
35,N350,wnmid3,Bl0T2,0.488278894837607,1
35,N100,wnmid3,Bl0T3,-0.18100419575792,1
35,P2,wnmid3,Bl0T3,1.32062842767863,1
35,N350,wnmid3,Bl0T3,0.298328703907984,1
35,N100,wnmid3,Bl0T4,-0.84688384514302,1
35,P2,wnmid3,Bl0T4,0.113604082912207,1
35,N350,wnmid3,Bl0T4,-0.663377546281977,1
35,N100,wnend,Bl0T1,-1.93436068102971,1
35,P2,wnend,Bl0T1,0.975186609606978,1
35,N350,wnend,Bl0T1,-2.16323633497919,1
35,N100,wnend,Bl0T2,-0.100181064551527,1
35,P2,wnend,Bl0T2,1.09234198629856,1
35,N350,wnend,Bl0T2,0.647582965445789,1
35,N100,wnend,Bl0T3,-2.33177892089906,1
35,P2,wnend,Bl0T3,-0.0941754330965605,1
35,N350,wnend,Bl0T3,-0.397652960162271,1
35,N100,wnend,Bl0T4,0.0715796929699453,1
35,P2,wnend,Bl0T4,0.457780140993947,1
35,N350,wnend,Bl0T4,-1.21667871004478,1
35,N100,wmbeg,Bl0T1,-0.660306128027827,1
35,P2,wmbeg,Bl0T1,0.819511025095748,1
35,N350,wmbeg,Bl0T1,-2.35578134973902,1
35,N100,wmbeg,Bl0T2,-1.91778964709577,1
35,P2,wmbeg,Bl0T2,0.70416256258654,1
35,N350,wmbeg,Bl0T2,-0.189232272117637,1
35,N100,wmbeg,Bl0T3,-1.48205465868462,1
35,P2,wmbeg,Bl0T3,1.04436065200283,1
35,N350,wmbeg,Bl0T3,-1.46844436756747,1
35,N100,wmbeg,Bl0T4,-0.995611952167264,1
35,P2,wmbeg,Bl0T4,2.0883921444416,0
35,N350,wmbeg,Bl0T4,-0.394413957837969,1
35,N100,wmend,Bl0T1,0.125989310705865,1
35,P2,wmend,Bl0T1,1.91401273171333,1
35,N350,wmend,Bl0T1,-3.66303710939458,1
35,N100,wmend,Bl0T2,-3.04429016971791,1
35,P2,wmend,Bl0T2,-0.666546000387858,1
35,N350,wmend,Bl0T2,-2.46024279960177,1
35,N100,wmend,Bl0T3,-2.44280770394821,1
35,P2,wmend,Bl0T3,-1.31740474020412,1
35,N350,wmend,Bl0T3,-1.88945542523681,1
35,N100,wmend,Bl0T4,-2.70797687208449,1
35,P2,wmend,Bl0T4,-0.811231202894652,1
35,N350,wmend,Bl0T4,-3.07098395504396,1
36,N100,wnbeg,Bl0T1,-3.69941539853811,1
36,P2,wnbeg,Bl0T1,3.56627047175283,0
36,N350,wnbeg,Bl0T1,-4.8734816165434,1
36,N100,wnbeg,Bl0T2,-3.87048141578833,1
36,P2,wnbeg,Bl0T2,-1.04214038382388,1
36,N350,wnbeg,Bl0T2,-1.66486344101528,1
36,N100,wnbeg,Bl0T3,-1.97514962726169,1
36,P2,wnbeg,Bl0T3,-0.380951375994417,1
36,N350,wnbeg,Bl0T3,0.0512905999273062,1
36,N100,wnbeg,Bl0T4,-1.42894235051341,1
36,P2,wnbeg,Bl0T4,1.66717398477925,1
36,N350,wnbeg,Bl0T4,-0.662543917662568,1
36,N100,wnmid1,Bl0T1,-3.59917530266001,1
36,P2,wnmid1,Bl0T1,2.07554432827493,1
36,N350,wnmid1,Bl0T1,-3.05290513122859,1
36,N100,wnmid1,Bl0T2,-2.49712378431273,1
36,P2,wnmid1,Bl0T2,-0.206338571155768,1
36,N350,wnmid1,Bl0T2,-0.876424573017689,1
36,N100,wnmid1,Bl0T3,-1.93990044418074,1
36,P2,wnmid1,Bl0T3,-0.113591835016142,1
36,N350,wnmid1,Bl0T3,-0.978175187936943,1
36,N100,wnmid1,Bl0T4,-2.65014540535074,1
36,P2,wnmid1,Bl0T4,-0.239483803820432,1
36,N350,wnmid1,Bl0T4,-1.31015100072583,1
36,N100,wnmid2,Bl0T1,-2.87073806996214,1
36,P2,wnmid2,Bl0T1,0.474477506032133,0
36,N350,wnmid2,Bl0T1,-2.82210069541698,1
36,N100,wnmid2,Bl0T2,-2.34028587464405,1
36,P2,wnmid2,Bl0T2,0.569527012061166,1
36,N350,wnmid2,Bl0T2,0.703534279374973,1
36,N100,wnmid2,Bl0T3,-2.49862795264521,1
36,P2,wnmid2,Bl0T3,-0.13341627232123,1
36,N350,wnmid2,Bl0T3,-1.05425864590089,1
36,N100,wnmid2,Bl0T4,-1.71181000207105,1
36,P2,wnmid2,Bl0T4,-0.191767134647007,1
36,N350,wnmid2,Bl0T4,-1.58845518105056,1
36,N100,wnmid3,Bl0T1,-3.82512839358786,1
36,P2,wnmid3,Bl0T1,2.99942266288335,1
36,N350,wnmid3,Bl0T1,-0.292292325959905,1
36,N100,wnmid3,Bl0T2,-3.75678685950925,1
36,P2,wnmid3,Bl0T2,-0.835033224191031,1
36,N350,wnmid3,Bl0T2,-2.10044594896228,1
36,N100,wnmid3,Bl0T3,-2.60914939264564,1
36,P2,wnmid3,Bl0T3,-0.0860309392861698,1
36,N350,wnmid3,Bl0T3,-2.13625274429341,1
36,N100,wnmid3,Bl0T4,-2.01075391965392,1
36,P2,wnmid3,Bl0T4,0.977501704341367,1
36,N350,wnmid3,Bl0T4,-0.80153614455915,1
36,N100,wnend,Bl0T1,-2.34333086227593,1
36,P2,wnend,Bl0T1,2.73559411350516,1
36,N350,wnend,Bl0T1,-1.51706297988396,1
36,N100,wnend,Bl0T2,-2.26305846855368,1
36,P2,wnend,Bl0T2,0.0294531060301739,1
36,N350,wnend,Bl0T2,-1.13553417202733,1
36,N100,wnend,Bl0T3,-2.05643564111999,1
36,P2,wnend,Bl0T3,0.697921279316221,1
36,N350,wnend,Bl0T3,-1.35375732918796,1
36,N100,wnend,Bl0T4,-2.05411339842755,1
36,P2,wnend,Bl0T4,0.190303895015108,1
36,N350,wnend,Bl0T4,-1.52107944504722,1
36,N100,wmbeg,Bl0T1,-2.43252404167988,1
36,P2,wmbeg,Bl0T1,0.852184841298866,1
36,N350,wmbeg,Bl0T1,-2.88432465887867,1
36,N100,wmbeg,Bl0T2,-1.79663396289661,1
36,P2,wmbeg,Bl0T2,-0.756902705221659,1
36,N350,wmbeg,Bl0T2,-1.46559847682227,1
36,N100,wmbeg,Bl0T3,-2.52421989150692,1
36,P2,wmbeg,Bl0T3,-0.531776423440423,1
36,N350,wmbeg,Bl0T3,-2.16143053375011,1
36,N100,wmbeg,Bl0T4,-2.73716788644967,1
36,P2,wmbeg,Bl0T4,0.244824012338595,1
36,N350,wmbeg,Bl0T4,-1.06353478566337,1
36,N100,wmend,Bl0T1,-2.73225931846645,1
36,P2,wmend,Bl0T1,1.98502887668045,1
36,N350,wmend,Bl0T1,-3.70129320829414,1
36,N100,wmend,Bl0T2,-1.26232447371233,1
36,P2,wmend,Bl0T2,-0.12972137682833,1
36,N350,wmend,Bl0T2,-1.43948977339666,1
36,N100,wmend,Bl0T3,-1.25060201725838,1
36,P2,wmend,Bl0T3,0.175727045184679,1
36,N350,wmend,Bl0T3,-0.423016997375949,1
36,N100,wmend,Bl0T4,-2.69302058918402,1
36,P2,wmend,Bl0T4,-0.120026953382926,1
36,N350,wmend,Bl0T4,-1.17284225579351,1
37,N100,wnbeg,Bl0T1,-1.23361997764285,1
37,P2,wnbeg,Bl0T1,0.712014126323345,1
37,N350,wnbeg,Bl0T1,-1.74771450951741,1
37,N100,wnbeg,Bl0T2,-0.243373748322185,1
37,P2,wnbeg,Bl0T2,0.83506259230467,1
37,N350,wnbeg,Bl0T2,-0.849908183538952,1
37,N100,wnbeg,Bl0T3,-0.406368504146614,1
37,P2,wnbeg,Bl0T3,0.624879976895797,1
37,N350,wnbeg,Bl0T3,-0.998994486506392,1
37,N100,wnbeg,Bl0T4,-1.95429222782608,1
37,P2,wnbeg,Bl0T4,0.165447771945037,1
37,N350,wnbeg,Bl0T4,-0.488859180314466,1
37,N100,wnmid1,Bl0T1,-0.720754899847798,1
37,P2,wnmid1,Bl0T1,3.08551525993318,1
37,N350,wnmid1,Bl0T1,-0.288576892381761,1
37,N100,wnmid1,Bl0T2,0.711663325101529,1
37,P2,wnmid1,Bl0T2,1.84929291300083,1
37,N350,wnmid1,Bl0T2,-1.34786643730967,1
37,N100,wnmid1,Bl0T3,-0.993222211785615,1
37,P2,wnmid1,Bl0T3,1.22379280107096,1
37,N350,wnmid1,Bl0T3,0.363469129111618,1
37,N100,wnmid1,Bl0T4,-1.28158953215291,1
37,P2,wnmid1,Bl0T4,0.194095201663128,1
37,N350,wnmid1,Bl0T4,-1.33567444885649,1
37,N100,wnmid2,Bl0T1,-1.36280003708033,1
37,P2,wnmid2,Bl0T1,0.68997435151555,1
37,N350,wnmid2,Bl0T1,-1.71026737526769,1
37,N100,wnmid2,Bl0T2,-1.2241895418082,1
37,P2,wnmid2,Bl0T2,2.11584127279265,1
37,N350,wnmid2,Bl0T2,-0.394498010565128,1
37,N100,wnmid2,Bl0T3,-0.367945666648448,1
37,P2,wnmid2,Bl0T3,2.34361377753317,1
37,N350,wnmid2,Bl0T3,0.183035727608949,1
37,N100,wnmid2,Bl0T4,-0.360781287077088,1
37,P2,wnmid2,Bl0T4,0.307754480693398,1
37,N350,wnmid2,Bl0T4,-0.897278061218378,1
37,N100,wnmid3,Bl0T1,-0.581215260234765,1
37,P2,wnmid3,Bl0T1,1.13768003984458,1
37,N350,wnmid3,Bl0T1,-0.755481724327223,1
37,N100,wnmid3,Bl0T2,-1.12266274402673,1
37,P2,wnmid3,Bl0T2,1.40304562529137,1
37,N350,wnmid3,Bl0T2,-1.33112281911277,1
37,N100,wnmid3,Bl0T3,-1.90955320276094,1
37,P2,wnmid3,Bl0T3,0.384309889872869,1
37,N350,wnmid3,Bl0T3,-1.55659702352502,1
37,N100,wnmid3,Bl0T4,0.216496212219095,1
37,P2,wnmid3,Bl0T4,2.00693313673966,1
37,N350,wnmid3,Bl0T4,-0.655516720992616,1
37,N100,wnend,Bl0T1,-0.801336747279856,1
37,P2,wnend,Bl0T1,2.94057539717427,1
37,N350,wnend,Bl0T1,-1.04380218046052,1
37,N100,wnend,Bl0T2,-1.17689637817586,1
37,P2,wnend,Bl0T2,1.48883006168673,1
37,N350,wnend,Bl0T2,-0.895124767921292,1
37,N100,wnend,Bl0T3,-0.991148684233908,1
37,P2,wnend,Bl0T3,0.928872361532863,1
37,N350,wnend,Bl0T3,-2.50466221773456,1
37,N100,wnend,Bl0T4,-0.74114697764025,1
37,P2,wnend,Bl0T4,3.48728727540549,1
37,N350,wnend,Bl0T4,-0.571182755884879,1
37,N100,wmbeg,Bl0T1,-2.54171555478398,1
37,P2,wmbeg,Bl0T1,2.13456069253294,1
37,N350,wmbeg,Bl0T1,-0.0132737983199881,1
37,N100,wmbeg,Bl0T2,-2.02904266248911,1
37,P2,wmbeg,Bl0T2,0.355934247049766,1
37,N350,wmbeg,Bl0T2,-0.81190993959705,1
37,N100,wmbeg,Bl0T3,-1.41207804208621,1
37,P2,wmbeg,Bl0T3,-0.688498164080083,1
37,N350,wmbeg,Bl0T3,-1.51934755684808,1
37,N100,wmbeg,Bl0T4,-1.21328525266996,1
37,P2,wmbeg,Bl0T4,0.658600511965228,1
37,N350,wmbeg,Bl0T4,-0.417840699124627,1
37,N100,wmend,Bl0T1,-1.21591229232959,1
37,P2,wmend,Bl0T1,2.36228154642507,1
37,N350,wmend,Bl0T1,-0.321689438223839,1
37,N100,wmend,Bl0T2,-1.27805358223254,1
37,P2,wmend,Bl0T2,1.01480281048613,1
37,N350,wmend,Bl0T2,-0.977138628338168,1
37,N100,wmend,Bl0T3,-0.639625313744331,1
37,P2,wmend,Bl0T3,1.33532186863132,1
37,N350,wmend,Bl0T3,-0.370869431587366,1
37,N100,wmend,Bl0T4,-1.91059868001379,1
37,P2,wmend,Bl0T4,0.805594759655651,1
37,N350,wmend,Bl0T4,-0.417433944093063,1
38,N100,wnbeg,Bl0T1,-4.62994620777094,1
38,P2,wnbeg,Bl0T1,4.17015809526619,1
38,N350,wnbeg,Bl0T1,-7.23380568264387,1
38,N100,wnbeg,Bl0T2,-3.40929953486818,1
38,P2,wnbeg,Bl0T2,-0.00669463738435652,1
38,N350,wnbeg,Bl0T2,-6.64872675196427,1
38,N100,wnbeg,Bl0T3,-7.25771122956648,1
38,P2,wnbeg,Bl0T3,-0.245151401683688,1
38,N350,wnbeg,Bl0T3,-5.86408351282473,1
38,N100,wnbeg,Bl0T4,0.0838262612745166,1
38,P2,wnbeg,Bl0T4,1.65184956356883,1
38,N350,wnbeg,Bl0T4,-4.98598479416687,1
38,N100,wnmid1,Bl0T1,-7.83592919518868,1
38,P2,wnmid1,Bl0T1,4.05350332669047,1
38,N350,wnmid1,Bl0T1,-10.4492776697458,1
38,N100,wnmid1,Bl0T2,-1.33660290473845,1
38,P2,wnmid1,Bl0T2,2.35095818518865,1
38,N350,wnmid1,Bl0T2,-1.28811249925596,1
38,N100,wnmid1,Bl0T3,-2.0685870452625,1
38,P2,wnmid1,Bl0T3,-0.369958017948197,1
38,N350,wnmid1,Bl0T3,-4.77868169621996,1
38,N100,wnmid1,Bl0T4,3.13303619355641,1
38,P2,wnmid1,Bl0T4,1.51173509630713,1
38,N350,wnmid1,Bl0T4,-1.38022715253967,1
38,N100,wnmid2,Bl0T1,-6.06042972751135,1
38,P2,wnmid2,Bl0T1,0.906392452761877,1
38,N350,wnmid2,Bl0T1,-11.9227300752734,1
38,N100,wnmid2,Bl0T2,-0.824502657783719,1
38,P2,wnmid2,Bl0T2,1.40207283710822,1
38,N350,wnmid2,Bl0T2,-2.29148950391473,1
38,N100,wnmid2,Bl0T3,-0.264902169097747,1
38,P2,wnmid2,Bl0T3,7.67906908258086,0
38,N350,wnmid2,Bl0T3,1.0787561564928,1
38,N100,wnmid2,Bl0T4,-5.64229615839516,1
38,P2,wnmid2,Bl0T4,0.212437820529974,0
38,N350,wnmid2,Bl0T4,-4.43061521691157,1
38,N100,wnmid3,Bl0T1,-4.79947214562718,1
38,P2,wnmid3,Bl0T1,2.01573380766118,1
38,N350,wnmid3,Bl0T1,-9.84583334210442,1
38,N100,wnmid3,Bl0T2,0.361628889241679,1
38,P2,wnmid3,Bl0T2,5.15173605362123,1
38,N350,wnmid3,Bl0T2,-0.475426751307466,1
38,N100,wnmid3,Bl0T3,-3.26492484454499,1
38,P2,wnmid3,Bl0T3,1.93543082392493,1
38,N350,wnmid3,Bl0T3,-2.72702149492364,1
38,N100,wnmid3,Bl0T4,-3.021160762012,1
38,P2,wnmid3,Bl0T4,1.76462157999234,1
38,N350,wnmid3,Bl0T4,-4.09966079207455,1
38,N100,wnend,Bl0T1,-6.06614702437506,1
38,P2,wnend,Bl0T1,2.10944948778596,1
38,N350,wnend,Bl0T1,-9.73851103680425,1
38,N100,wnend,Bl0T2,-2.03115804690954,1
38,P2,wnend,Bl0T2,1.37348950914172,1
38,N350,wnend,Bl0T2,-3.33292899426333,1
38,N100,wnend,Bl0T3,-0.132764254811974,1
38,P2,wnend,Bl0T3,2.50167667862205,1
38,N350,wnend,Bl0T3,-4.01665518307792,1
38,N100,wnend,Bl0T4,-0.443023248903808,1
38,P2,wnend,Bl0T4,2.29635117082369,1
38,N350,wnend,Bl0T4,-5.37846648476663,1
38,N100,wmbeg,Bl0T1,1.38505691277773,1
38,P2,wmbeg,Bl0T1,10.8051110307664,1
38,N350,wmbeg,Bl0T1,-2.99078375087228,1
38,N100,wmbeg,Bl0T2,-2.18733035635723,1
38,P2,wmbeg,Bl0T2,3.01849470751923,1
38,N350,wmbeg,Bl0T2,-3.52732723292916,1
38,N100,wmbeg,Bl0T3,-0.0124889941236307,1
38,P2,wmbeg,Bl0T3,4.3017574710035,1
38,N350,wmbeg,Bl0T3,0.686530696514041,1
38,N100,wmbeg,Bl0T4,-0.805570203100526,1
38,P2,wmbeg,Bl0T4,2.67244489663876,1
38,N350,wmbeg,Bl0T4,-1.42856842029926,1
38,N100,wmend,Bl0T1,1.42626612203365,1
38,P2,wmend,Bl0T1,8.39660334085876,1
38,N350,wmend,Bl0T1,-3.04502547576346,1
38,N100,wmend,Bl0T2,-1.48479122992986,1
38,P2,wmend,Bl0T2,3.37502507845109,1
38,N350,wmend,Bl0T2,-3.64465395916592,1
38,N100,wmend,Bl0T3,-4.77881748029454,1
38,P2,wmend,Bl0T3,2.08751619068948,1
38,N350,wmend,Bl0T3,-4.32118082940578,1
38,N100,wmend,Bl0T4,0.208527615090663,1
38,P2,wmend,Bl0T4,4.03880933160809,1
38,N350,wmend,Bl0T4,-1.36585942037319,1
